FECHA;DEMANDA_GBA;TEMP_AVG;TIPO_DIA
2021-01-01;116060;26.73;F
2021-01-02;143622;27.83;SA
2021-01-03;142036;26.95;D
2021-01-04;159585;25.91;H
2021-01-05;160567;25.18;H
2021-01-06;135331;22.82;H
2021-01-07;142220;25.78;H
2021-01-08;153265;26.15;H
2021-01-09;131715;24.1;SA
2021-01-10;140509;27.11;D
2021-01-11;133311;21.55;H
2021-01-12;121947;21.08;H
2021-01-13;126011;22.59;H
2021-01-14;131681;23.47;H
2021-01-15;129689;21.92;H
2021-01-16;124336;24.21;SA
2021-01-17;103307;21.24;D
2021-01-18;131389;23.65;H
2021-01-19;154056;27.22;H
2021-01-20;167442;27.79;H
2021-01-21;168315;26.68;H
2021-01-22;170625;26.83;H
2021-01-23;168404;28.88;SA
2021-01-24;168319;29.8;D
2021-01-25;197975;30.55;H
2021-01-26;195612;29.63;H
2021-01-27;177790;27.34;H
2021-01-28;151859;24.51;H
2021-01-29;146135;24.05;H
2021-01-30;119486;20.07;SA
2021-01-31;99236;19.08;D
2021-02-01;118898;20.45;H
2021-02-02;123450;21.7;H
2021-02-03;125668;22.55;H
2021-02-04;127018;23.23;H
2021-02-05;129223;22.35;H
2021-02-06;129210;23.1;SA
2021-02-07;135840;26.6;D
2021-02-08;134558;22.14;H
2021-02-09;124766;21.02;H
2021-02-10;126583;21.9;H
2021-02-11;131139;22.47;H
2021-02-12;136247;23.72;H
2021-02-13;126300;23.19;SA
2021-02-14;117674;23.68;D
2021-02-15;114960;23;F
2021-02-16;107303;21.1;F
2021-02-17;124234;22.05;H
2021-02-18;143002;24.92;H
2021-02-19;142720;24.96;H
2021-02-20;115977;20.8;SA
2021-02-21;120351;24.91;D
2021-02-22;141217;23.72;H
2021-02-23;140338;23.3;H
2021-02-24;143977;24.37;H
2021-02-25;155820;25.57;H
2021-02-26;162530;27.38;H
2021-02-27;146264;25.91;SA
2021-02-28;138373;25.99;D
2021-03-01;161942;25.89;H
2021-03-02;169465;26.07;H
2021-03-03;169098;25.97;H
2021-03-04;166838;25.6;H
2021-03-05;140683;22.3;H
2021-03-06;118902;20.71;SA
2021-03-07;118068;23.51;D
2021-03-08;151532;25.98;H
2021-03-09;136570;21.1;H
2021-03-10;146032;24.2;H
2021-03-11;151933;25.81;H
2021-03-12;151693;24.17;H
2021-03-13;129079;23.78;SA
2021-03-14;121024;24.88;D
2021-03-15;141095;24.06;H
2021-03-16;134732;22.53;H
2021-03-17;123101;18.53;H
2021-03-18;118808;15.82;H
2021-03-19;119958;18.52;H
2021-03-20;110052;19.22;SA
2021-03-21;101213;19.3;D
2021-03-22;118092;19.47;H
2021-03-23;123624;20.87;H
2021-03-24;116859;23.2;F
2021-03-25;126362;20.83;H
2021-03-26;125529;21.27;H
2021-03-27;112722;20.58;SA
2021-03-28;103843;20.63;D
2021-03-29;120869;20.03;H
2021-03-30;122336;19.21;H
2021-03-31;122236;19.84;H
2021-04-01;116973;20.96;SA
2021-04-02;104789;21.2;F
2021-04-03;105799;21.96;SA
2021-04-04;102385;22.27;D
2021-04-05;130124;24.12;H
2021-04-06;139677;24.33;H
2021-04-07;144984;25.43;H
2021-04-08;137832;23.72;H
2021-04-09;129820;21.6;H
2021-04-10;115593;21.3;SA
2021-04-11;104105;18.71;D
2021-04-12;120094;18.38;H
2021-04-13;122543;18.88;H
2021-04-14;122918;19.03;H
2021-04-15;124825;20.61;H
2021-04-16;123516;20.74;H
2021-04-17;112515;21.03;SA
2021-04-18;103345;19.84;D
2021-04-19;119806;21.55;H
2021-04-20;123269;21.53;H
2021-04-21;123447;21.79;H
2021-04-22;123337;21.67;H
2021-04-23;123984;22.01;H
2021-04-24;109188;18.18;SA
2021-04-25;102385;16.15;D
2021-04-26;120629;16.04;H
2021-04-27;123999;16.28;H
2021-04-28;124270;17.89;H
2021-04-29;123339;18.81;H
2021-04-30;121489;19.22;H
2021-05-01;102609;20.02;F
2021-05-02;101263;21.02;D
2021-05-03;120399;20.93;H
2021-05-04;128366;14.3;H
2021-05-05;140214;11.96;H
2021-05-06;148638;11.62;H
2021-05-07;148881;11.6;H
2021-05-08;132196;15.36;SA
2021-05-09;124660;15.26;D
2021-05-10;144894;14.35;H
2021-05-11;156904;11.35;H
2021-05-12;157939;12.68;H
2021-05-13;154741;13.83;H
2021-05-14;150785;13.35;H
2021-05-15;139486;12.52;SA
2021-05-16;134192;12.99;D
2021-05-17;154580;12.28;H
2021-05-18;159621;11.91;H
2021-05-19;159840;13.32;H
2021-05-20;153874;15.18;H
2021-05-21;159685;14.37;H
2021-05-22;151371;13.76;SA
2021-05-23;148229;12.9;D
2021-05-24;147305;13;F
2021-05-25;141604;13.35;F
2021-05-26;156815;12.45;H
2021-05-27;146288;16.83;H
2021-05-28;140825;16.47;H
2021-05-29;147361;11.48;SA
2021-05-30;150003;10.4;D
2021-05-31;159314;15.24;H
2021-06-01;153327;16.27;H
2021-06-02;155912;13.38;H
2021-06-03;160202;13.54;H
2021-06-04;148701;17.26;H
2021-06-05;139675;14.11;SA
2021-06-06;146307;10.73;D
2021-06-07;165920;12.93;H
2021-06-08;155629;15.5;H
2021-06-09;148819;16.45;H
2021-06-10;145876;15.73;H
2021-06-11;163936;11.43;H
2021-06-12;138745;16.14;SA
2021-06-13;121979;17.23;D
2021-06-14;151019;14.22;H
2021-06-15;177025;8.9;H
2021-06-16;193170;7.38;H
2021-06-17;195322;7.23;H
2021-06-18;198296;6.25;H
2021-06-19;179585;7.08;SA
2021-06-20;164184;8.05;F
2021-06-21;173833;10.42;F
2021-06-22;171858;13.33;H
2021-06-23;173007;14;H
2021-06-24;167124;13.81;H
2021-06-25;167043;11.95;H
2021-06-26;167811;10.85;SA
2021-06-27;181405;6.81;D
2021-06-28;211022;7.65;H
2021-06-29;212139;8.08;H
2021-06-30;208289;7.54;H
2021-07-01;205020;9.22;H
2021-07-02;189321;10.69;H
2021-07-03;170983;10.87;SA
2021-07-04;158131;10.5;D
2021-07-05;178578;10.69;H
2021-07-06;184077;11.96;H
2021-07-07;166665;15.18;H
2021-07-08;153184;15.5;H
2021-07-09;124868;18.88;F
2021-07-10;123718;15.64;SA
2021-07-11;140203;11.05;D
2021-07-12;156274;15.35;H
2021-07-13;162807;13.23;H
2021-07-14;183083;11.23;H
2021-07-15;173128;11.91;H
2021-07-16;175026;10.5;H
2021-07-17;169449;10.08;SA
2021-07-18;173482;8.52;D
2021-07-19;192145;7.74;H
2021-07-20;185378;10.98;H
2021-07-21;174627;12.82;H
2021-07-22;164990;14.18;H
2021-07-23;148037;17.02;H
2021-07-24;135733;14.73;SA
2021-07-25;133412;15.27;D
2021-07-26;161192;11.72;H
2021-07-27;190211;8.05;H
2021-07-28;200866;7.56;H
2021-07-29;194778;8.1;H
2021-07-30;184412;11.13;H
2021-07-31;159992;11.18;SA
2021-08-01;151481;10.27;D
2021-08-02;172134;10.25;H
2021-08-03;171566;12.03;H
2021-08-04;169681;11.35;H
2021-08-05;178389;11.53;H
2021-08-06;155148;15.95;H
2021-08-07;124343;19.05;SA
2021-08-08;138388;12.34;D
2021-08-09;192438;8.43;H
2021-08-10;196738;6.85;H
2021-08-11;191247;8.9;H
2021-08-12;189259;8.57;H
2021-08-13;184285;9.81;H
2021-08-14;157437;11.55;SA
2021-08-15;145690;10.68;D
2021-08-16;142654;13.55;F
2021-08-17;146016;15.66;H
2021-08-18;144401;15.01;H
2021-08-19;149335;14.83;H
2021-08-20;144215;15.13;H
2021-08-21;140407;13.25;SA
2021-08-22;123255;16.25;D
2021-08-23;154674;11.35;H
2021-08-24;161773;11.05;H
2021-08-25;159848;11.74;H
2021-08-26;154984;14.41;H
2021-08-27;152176;12.81;H
2021-08-28;135823;14.88;SA
2021-08-29;120756;14.93;D
2021-08-30;130748;18.21;H
2021-08-31;126000;22.19;H
2021-09-01;128754;18.46;H
2021-09-02;144350;14.75;H
2021-09-03;142160;14.8;H
2021-09-04;135034;14.3;SA
2021-09-05;125124;14.18;D
2021-09-06;145504;15.04;H
2021-09-07;153692;15.26;H
2021-09-08;156796;15.44;H
2021-09-09;160017;13.63;H
2021-09-10;160517;13.26;H
2021-09-11;133602;15.39;SA
2021-09-12;115329;18.75;D
2021-09-13;135304;16.13;H
2021-09-14;141885;14.46;H
2021-09-15;142080;14.25;H
2021-09-16;131817;18.01;H
2021-09-17;125293;18.45;H
2021-09-18;112844;18.15;SA
2021-09-19;106376;17.18;D
2021-09-20;127726;16.58;H
2021-09-21;139169;12.26;H
2021-09-22;149134;13.53;H
2021-09-23;139823;16.06;H
2021-09-24;132820;15.23;H
2021-09-25;118252;16.7;SA
2021-09-26;105415;19.99;D
2021-09-27;131165;14.99;H
2021-09-28;144695;13.97;H
2021-09-29;134493;17.35;H
2021-09-30;137461;16.6;H
2021-10-01;129693;17.54;H
2021-10-02;119997;15.41;SA
2021-10-03;116823;13.09;D
2021-10-04;132089;15.12;H
2021-10-05;127871;18.23;H
2021-10-06;130895;15.05;H
2021-10-07;134955;12.04;H
2021-10-08;122879;14.03;F
2021-10-09;113866;15.98;SA
2021-10-10;104857;17.25;D
2021-10-11;108850;17.75;F
2021-10-12;123900;16.88;H
2021-10-13;127482;16.95;H
2021-10-14;128411;16.35;H
2021-10-15;127231;15.09;H
2021-10-16;115175;15.72;SA
2021-10-17;101831;18.05;D
2021-10-18;120177;17.45;H
2021-10-19;124196;17.65;H
2021-10-20;124717;19.8;H
2021-10-21;125426;22.05;H
2021-10-22;124242;20.28;H
2021-10-23;112085;17.78;SA
2021-10-24;103010;18.72;D
2021-10-25;124005;23.56;H
2021-10-26;141173;26.76;H
2021-10-27;158812;27.68;H
2021-10-28;170401;27.58;H
2021-10-29;159546;25.87;H
2021-10-30;148590;25.52;SA
2021-10-31;111824;18.98;D
2021-11-01;121203;17.4;H
2021-11-02;125861;19.4;H
2021-11-03;129822;21.88;H
2021-11-04;136511;23.04;H
2021-11-05;123770;17.96;H
2021-11-06;110656;16.7;SA
2021-11-07;102630;19.25;D
2021-11-08;127931;21.98;H
2021-11-09;129071;19.65;H
2021-11-10;126411;20.19;H
2021-11-11;127197;21.03;H
2021-11-12;125845;20.52;H
2021-11-13;117442;22.4;SA
2021-11-14;107880;22.18;D
2021-11-15;140582;23.83;H
2021-11-16;127965;18.62;H
2021-11-17;121564;15.93;H
2021-11-18;124788;19.67;H
2021-11-19;133443;23.59;H
2021-11-20;127896;24.17;F
2021-11-21;138460;29.06;D
2021-11-22;148076;28.7;F
2021-11-23;131178;20.3;H
2021-11-24;150439;25.8;H
2021-11-25;141657;22.24;H
2021-11-26;140086;22.78;H
2021-11-27;129355;23.11;SA
2021-11-28;111690;20.22;D
2021-11-29;124473;21.09;H
2021-11-30;128555;21.08;H
2021-12-01;126619;19.64;H
2021-12-02;131274;21.36;H
2021-12-03;130718;22.08;H
2021-12-04;118961;21.98;SA
2021-12-05;110128;21.7;D
2021-12-06;133418;22.4;H
2021-12-07;142960;24.06;H
2021-12-08;129312;23.53;F
2021-12-09;143667;23.25;H
2021-12-10;139945;22.75;H
2021-12-11;135220;24.54;SA
2021-12-12;132348;25.44;D
2021-12-13;147608;24.31;H
2021-12-14;144746;23.6;H
2021-12-15;142822;22.98;H
2021-12-16;140033;21.53;H
2021-12-17;143009;23.02;H
2021-12-18;135778;23;SA
2021-12-19;136501;25.56;D
2021-12-20;167987;25.88;H
2021-12-21;144025;25.3;H
2021-12-22;166335;25.94;H
2021-12-23;166621;25.85;H
2021-12-24;155839;28.18;SA
2021-12-25;138417;25.85;F
2021-12-26;147565;26.78;D
2021-12-27;173408;25.98;H
2021-12-28;177004;29.04;H
2021-12-29;197422;32.13;H
2021-12-30;192247;30.43;H
2021-12-31;166954;27.95;SA
2022-01-01;125825;24.3;F
2022-01-02;135329;26.64;D
2022-01-03;188699;29.71;H
2022-01-04;175436;28.2;H
2022-01-05;134005;21.66;H
2022-01-06;134560;23.42;H
2022-01-07;141137;24.78;H
2022-01-08;133995;25.34;SA
2022-01-09;133191;26.01;D
2022-01-10;178712;28.97;H
2022-01-11;189905;32.9;H
2022-01-12;181760;27.1;H
2022-01-13;187778;29.41;H
2022-01-14;205483;32.68;H
2022-01-15;203086;33.12;SA
2022-01-16;163096;27.15;D
2022-01-17;152817;24.21;H
2022-01-18;139057;23.41;H
2022-01-19;139848;23.85;H
2022-01-20;153497;26.12;H
2022-01-21;161943;26.92;H
2022-01-22;135947;24.53;SA
2022-01-23;118401;23.65;D
2022-01-24;156035;25.98;H
2022-01-25;174122;27.38;H
2022-01-26;154607;24.62;H
2022-01-27;121979;19.51;H
2022-01-28;124414;20.63;H
2022-01-29;124955;24.44;SA
2022-01-30;128067;26.09;D
2022-01-31;138465;23.52;H
2022-02-01;140930;23.48;H
2022-02-02;165837;27.25;H
2022-02-03;152116;23.64;H
2022-02-04;148667;23.92;H
2022-02-05;118901;20.47;SA
2022-02-06;102349;18.66;D
2022-02-07;119900;20.42;H
2022-02-08;126878;21.15;H
2022-02-09;135669;23.4;H
2022-02-10;148609;25.12;H
2022-02-11;144528;22.67;H
2022-02-12;109055;18.07;SA
2022-02-13;102124;19.67;D
2022-02-14;133993;24.66;H
2022-02-15;156957;27.14;H
2022-02-16;178133;29.12;H
2022-02-17;144069;21.44;H
2022-02-18;134257;21.63;H
2022-02-19;134466;24.82;SA
2022-02-20;113690;21.33;D
2022-02-21;128979;22.55;H
2022-02-22;135158;22.29;H
2022-02-23;140334;22.82;H
2022-02-24;134563;22.16;H
2022-02-25;135893;23.35;H
2022-02-26;128914;24.88;SA
2022-02-27;114817;23;D
2022-02-28;113747;23.76;F
2022-03-01;110221;21.82;F
2022-03-02;136975;24.94;H
2022-03-03;142177;23.82;H
2022-03-04;145521;24.46;H
2022-03-05;133607;24.15;SA
2022-03-06;123915;24.2;D
2022-03-07;133058;22.46;H
2022-03-08;135301;22.17;H
2022-03-09;130553;20.26;H
2022-03-10;127755;20.21;H
2022-03-11;124134;19.32;H
2022-03-12;112999;18.93;SA
2022-03-13;105547;20.03;D
2022-03-14;129846;21.78;H
2022-03-15;143271;24.59;H
2022-03-16;149688;24.85;H
2022-03-17;160090;26.1;H
2022-03-18;130028;17.36;H
2022-03-19;111855;15.41;SA
2022-03-20;104592;16.55;D
2022-03-21;122777;19.29;H
2022-03-22;127719;21.16;H
2022-03-23;134437;21.57;H
2022-03-24;117660;16.17;F
2022-03-25;130295;15.35;H
2022-03-26;116796;19.15;SA
2022-03-27;108140;20.78;D
2022-03-28;128465;21.8;H
2022-03-29;132303;22.69;H
2022-03-30;131423;13.78;H
2022-03-31;136022;13.69;H
2022-04-01;133317;14.98;H
2022-04-02;115470;18.21;F
2022-04-03;107613;19.83;D
2022-04-04;126243;15.98;H
2022-04-05;131072;17.33;H
2022-04-06;131320;20.48;H
2022-04-07;131442;21.32;H
2022-04-08;130218;21.11;H
2022-04-09;117483;21;SA
2022-04-10;111565;22.52;D
2022-04-11;126461;19.83;H
2022-04-12;127160;17.28;H
2022-04-13;128850;13.82;H
2022-04-14;126792;14.37;SA
2022-04-15;113782;15.44;F
2022-04-16;111341;17.58;SA
2022-04-17;104630;19.29;D
2022-04-18;124066;19.92;H
2022-04-19;128058;20.37;H
2022-04-20;128529;20.55;H
2022-04-21;126522;17.85;H
2022-04-22;132037;15.01;H
2022-04-23;124184;15.17;SA
2022-04-24;110973;19.17;D
2022-04-25;125522;21.51;H
2022-04-26;130257;21.49;H
2022-04-27;124268;18.3;H
2022-04-28;135886;14.11;H
2022-04-29;149678;10.58;H
2022-04-30;144014;12.05;SA
2022-05-01;126967;13.82;F
2022-05-02;154664;12.55;H
2022-05-03;161177;11.54;H
2022-05-04;157552;13.67;H
2022-05-05;148970;15.74;H
2022-05-06;139312;18.09;H
2022-05-07;122017;19.42;SA
2022-05-08;111342;18.64;D
2022-05-09;132696;16.65;H
2022-05-10;138046;16.68;H
2022-05-11;146564;14.11;H
2022-05-12;153989;13.4;H
2022-05-13;149406;15.86;H
2022-05-14;132252;15.87;SA
2022-05-15;136437;12.55;D
2022-05-16;168142;12.45;H
2022-05-17;179616;11.81;H
2022-05-18;156435;11.69;H
2022-05-19;171364;10.57;H
2022-05-20;166992;13.47;H
2022-05-21;142448;15.7;SA
2022-05-22;132687;14.95;D
2022-05-23;147490;15.87;H
2022-05-24;146941;16.7;H
2022-05-25;156663;11.68;F
2022-05-26;179839;10.38;H
2022-05-27;171953;12.3;H
2022-05-28;162586;11.11;SA
2022-05-29;161945;9.55;D
2022-05-30;197302;7.09;H
2022-05-31;202043;6.44;H
2022-06-01;199982;8.08;H
2022-06-02;198659;7.52;H
2022-06-03;198914;8.07;H
2022-06-04;174315;11.93;SA
2022-06-05;162304;11.39;D
2022-06-06;181203;11.28;H
2022-06-07;187913;10.52;H
2022-06-08;187255;10.63;H
2022-06-09;188259;11;H
2022-06-10;203098;7.71;H
2022-06-11;188000;8.03;SA
2022-06-12;169098;9.81;D
2022-06-13;182400;12.48;H
2022-06-14;180917;13.08;H
2022-06-15;175025;13.33;H
2022-06-16;173712;12.42;H
2022-06-17;177239;8.99;F
2022-06-18;176020;9.25;SA
2022-06-19;158067;11.58;D
2022-06-20;167481;10.44;F
2022-06-21;185973;11.43;H
2022-06-22;210272;7.35;H
2022-06-23;209728;8.26;H
2022-06-24;199368;9.95;H
2022-06-25;188170;7.42;SA
2022-06-26;183995;8.92;D
2022-06-27;199390;10.35;H
2022-06-28;194769;11.25;H
2022-06-29;183723;13.14;H
2022-06-30;174323;12.65;H
2022-07-01;191151;11.09;H
2022-07-02;172279;10.02;SA
2022-07-03;170863;8.45;D
2022-07-04;193693;11.72;H
2022-07-05;183333;11.73;H
2022-07-06;190024;11.98;H
2022-07-07;186637;10.73;H
2022-07-08;195329;9.48;H
2022-07-09;160044;14.86;F
2022-07-10;133725;18.31;D
2022-07-11;180444;11.23;H
2022-07-12;195027;8.38;H
2022-07-13;190848;11.25;H
2022-07-14;183613;12.04;H
2022-07-15;189328;10.77;H
2022-07-16;183305;9.86;SA
2022-07-17;172750;8.67;D
2022-07-18;185885;11.06;H
2022-07-19;185706;9.79;H
2022-07-20;171489;13.94;H
2022-07-21;162438;13.94;H
2022-07-22;166470;12.61;H
2022-07-23;151463;14.63;SA
2022-07-24;136061;14.91;D
2022-07-25;162859;14.71;H
2022-07-26;148113;18.4;H
2022-07-27;144271;17.9;H
2022-07-28;157919;13.18;H
2022-07-29;167006;11.95;H
2022-07-30;145252;14.13;SA
2022-07-31;133529;14.14;D
2022-08-01;153412;13.31;H
2022-08-02;160266;13.71;H
2022-08-03;166733;12.56;H
2022-08-04;179587;9.92;H
2022-08-05;174835;10.32;H
2022-08-06;157104;11.15;SA
2022-08-07;150048;11.4;D
2022-08-08;178199;10.45;H
2022-08-09;180373;11.84;H
2022-08-10;176001;11.9;H
2022-08-11;167945;13.73;H
2022-08-12;155726;15.1;H
2022-08-13;128439;17.2;SA
2022-08-14;111523;18.81;D
2022-08-15;121643;15.17;F
2022-08-16;156023;13.88;H
2022-08-17;168896;12.25;H
2022-08-18;183591;8.95;H
2022-08-19;177263;11.02;H
2022-08-20;152611;13.11;SA
2022-08-21;138235;12.86;D
2022-08-22;160996;11.86;H
2022-08-23;157309;14.81;H
2022-08-24;144121;14.67;H
2022-08-25;132532;15.25;H
2022-08-26;127742;18.85;H
2022-08-27;121074;16.55;SA
2022-08-28;142353;9.03;D
2022-08-29;165305;10.69;H
2022-08-30;159532;13.73;H
2022-08-31;144405;15.12;H
2022-09-01;143683;16.47;H
2022-09-02;144763;12.61;F
2022-09-03;136428;12.53;SA
2022-09-04;123174;15.7;D
2022-09-05;135771;16.51;H
2022-09-06;135279;16.23;H
2022-09-07;129214;19.19;H
2022-09-08;130406;18.17;H
2022-09-09;154257;10.56;H
2022-09-10;142043;11.92;SA
2022-09-11;128820;13.23;D
2022-09-12;138999;14.35;H
2022-09-13;140778;14.38;H
2022-09-14;137873;15.61;H
2022-09-15;133976;16.78;H
2022-09-16;130106;18.34;H
2022-09-17;114452;19.74;SA
2022-09-18;104424;18.73;D
2022-09-19;122662;18.3;H
2022-09-20;134121;12.82;H
2022-09-21;137070;13.46;H
2022-09-22;139282;12.77;H
2022-09-23;138285;12.22;H
2022-09-24;117369;17.56;SA
2022-09-25;107106;17.21;D
2022-09-26;122544;17.96;H
2022-09-27;124128;18.86;H
2022-09-28;129142;14.38;H
2022-09-29;133641;14.78;H
2022-09-30;129773;16.4;H
2022-10-01;114423;17.78;SA
2022-10-02;104158;19.65;D
2022-10-03;123892;15.08;H
2022-10-04;129515;15.64;H
2022-10-05;126861;18.14;H
2022-10-06;124563;17.66;H
2022-10-07;111730;20.78;F
2022-10-08;109346;15.8;SA
2022-10-09;111669;13.51;D
2022-10-10;109461;15.4;F
2022-10-11;124523;16.55;H
2022-10-12;126228;21.5;H
2022-10-13;124459;16.88;H
2022-10-14;129096;14.08;H
2022-10-15;124436;13.86;SA
2022-10-16;110158;15.5;D
2022-10-17;125788;16.77;H
2022-10-18;127153;18.37;H
2022-10-19;126134;19.61;H
2022-10-20;126650;20.82;H
2022-10-21;125259;18.97;H
2022-10-22;119807;13.02;SA
2022-10-23;112224;14.88;D
2022-10-24;124620;19.77;H
2022-10-25;127627;21.9;H
2022-10-26;126528;20.44;H
2022-10-27;126507;21.27;H
2022-10-28;134295;25.78;H
2022-10-29;125164;24.65;SA
2022-10-30;108743;15.7;D
2022-10-31;130496;12.87;H
2022-11-01;130692;15.08;H
2022-11-02;126799;20.15;H
2022-11-03;127146;19.99;H
2022-11-04;125130;19.45;H
2022-11-05;112261;19.93;SA
2022-11-06;104080;20.77;D
2022-11-07;124321;21.21;H
2022-11-08;126522;20.94;H
2022-11-09;129387;21.7;H
2022-11-10;132206;22.65;H
2022-11-11;138214;23.83;H
2022-11-12;125610;24.05;SA
2022-11-13;115245;22.58;D
2022-11-14;122295;19.02;H
2022-11-15;135064;23.94;H
2022-11-16;156114;26.72;H
2022-11-17;159049;26.06;H
2022-11-18;159692;26;H
2022-11-19;151592;27.42;SA
2022-11-20;130156;24.31;F
2022-11-21;108201;17.3;F
2022-11-22;118273;18.84;H
2022-11-23;132910;22.83;H
2022-11-24;162468;27.66;H
2022-11-25;149820;21.91;H
2022-11-26;145499;25.3;SA
2022-11-27;146362;26.26;D
2022-11-28;177358;26.83;H
2022-11-29;186798;27.83;H
2022-11-30;176766;25.9;H
2022-12-01;138815;20.96;H
2022-12-02;136717;20.99;H
2022-12-03;128580;22.76;SA
2022-12-04;136797;25.46;D
2022-12-05;185025;28.42;H
2022-12-06;198343;29.16;H
2022-12-07;200576;29.96;H
2022-12-08;177980;29.01;F
2022-12-09;185286;30.21;F
2022-12-10;152972;26.22;SA
2022-12-11;169040;29.3;D
2022-12-12;150966;22.61;H
2022-12-13;144428;21.5;H
2022-12-14;171675;26.29;H
2022-12-15;159802;23.29;H
2022-12-16;136367;20.64;H
2022-12-17;120630;21.81;SA
2022-12-18;116259;23.46;D
2022-12-19;151808;24.84;H
2022-12-20;152247;25.78;F
2022-12-21;165844;25.43;H
2022-12-22;174618;26.6;H
2022-12-23;163365;24.56;H
2022-12-24;117574;19.95;SA
2022-12-25;93491;19.05;F
2022-12-26;127863;22.9;H
2022-12-27;149865;25.8;H
2022-12-28;155297;26.12;H
2022-12-29;148554;24.37;H
2022-12-30;168223;29.13;H
2022-12-31;148330;26.32;SA
2023-01-01;111385;22.87;F
2023-01-02;127810;23.38;H
2023-01-03;144275;26.01;H
2023-01-04;146613;24.26;H
2023-01-05;152966;26.33;H
2023-01-06;170428;28.02;H
2023-01-07;154886;27.07;SA
2023-01-08;148060;26.59;D
2023-01-09;169224;26.52;H
2023-01-10;176281;27.01;H
2023-01-11;161136;25.48;H
2023-01-12;146913;23.96;H
2023-01-13;149273;25.6;H
2023-01-14;143467;26.83;SA
2023-01-15;151226;28.42;D
2023-01-16;190108;29.96;H
2023-01-17;195852;29.78;H
2023-01-18;179515;26.41;H
2023-01-19;185245;27.85;H
2023-01-20;179854;26.94;H
2023-01-21;148484;25.62;SA
2023-01-22;149105;27.47;D
2023-01-23;175343;27.23;H
2023-01-24;182878;28.72;H
2023-01-25;184487;27.27;H
2023-01-26;189788;28.18;H
2023-01-27;162170;24.45;H
2023-01-28;149889;25.76;SA
2023-01-29;142223;25.99;D
2023-01-30;162480;25.54;H
2023-01-31;179034;26.55;H
2023-02-01;167781;25.44;H
2023-02-02;153624;24.16;H
2023-02-03;143928;23.19;H
2023-02-04;127435;23.69;SA
2023-02-05;131260;25.31;D
2023-02-06;174707;28.36;H
2023-02-07;196726;29.28;H
2023-02-08;188716;28.24;H
2023-02-09;195453;28.77;H
2023-02-10;207621;30.45;H
2023-02-11;200835;32.1;SA
2023-02-12;202097;33.48;D
2023-02-13;196067;27.76;H
2023-02-14;185806;27.61;H
2023-02-15;171952;25.37;H
2023-02-16;147986;21.34;H
2023-02-17;119971;12.09;H
2023-02-18;109360;16.05;SA
2023-02-19;99947;20.78;D
2023-02-20;106354;22.23;F
2023-02-21;119922;24.4;F
2023-02-22;157655;27.04;H
2023-02-23;165946;26.25;H
2023-02-24;169244;26.16;H
2023-02-25;151865;25.62;SA
2023-02-26;126889;23.37;D
2023-02-27;152152;25;H
2023-02-28;188321;28.93;H
2023-03-01;198522;31.07;H
2023-03-02;216460;31.11;H
2023-03-03;218510;30.28;H
2023-03-04;192501;28.67;SA
2023-03-05;171897;27.48;D
2023-03-06;205518;29.11;H
2023-03-07;199324;27.53;H
2023-03-08;205353;28.08;H
2023-03-09;199352;27.93;H
2023-03-10;215931;30.67;H
2023-03-11;211778;32.49;SA
2023-03-12;206977;31.86;D
2023-03-13;227195;30.48;H
2023-03-14;230094;31.45;H
2023-03-15;210113;27.99;H
2023-03-16;200077;27.53;H
2023-03-17;206023;28.74;H
2023-03-18;176251;26.66;SA
2023-03-19;165529;27.53;D
2023-03-20;146975;22.6;H
2023-03-21;136525;23.3;H
2023-03-22;134736;23.32;H
2023-03-23;148686;24.94;H
2023-03-24;131790;23.85;F
2023-03-25;128926;23.75;SA
2023-03-26;106478;19.49;D
2023-03-27;125913;21.63;H
2023-03-28;141947;25.29;H
2023-03-29;139907;23.11;H
2023-03-30;127423;19.59;H
2023-03-31;125403;20.13;H
2023-04-01;110729;16.03;SA
2023-04-02;103561;18.62;F
2023-04-03;123041;18.75;H
2023-04-04;126771;19.22;H
2023-04-05;127566;21.58;H
2023-04-06;122852;21.68;SA
2023-04-07;110425;21.82;F
2023-04-08;109461;21.94;SA
2023-04-09;105565;22.3;D
2023-04-10;129449;22.14;H
2023-04-11;137981;24.23;H
2023-04-12;128890;18.55;H
2023-04-13;126004;15.11;H
2023-04-14;128328;14.86;H
2023-04-15;116895;17.2;SA
2023-04-16;110102;16.12;D
2023-04-17;127463;16.43;H
2023-04-18;139216;13.38;H
2023-04-19;144113;14.53;H
2023-04-20;141320;14.62;H
2023-04-21;135940;17.3;H
2023-04-22;119506;18.09;SA
2023-04-23;110295;18.68;D
2023-04-24;126827;18.82;H
2023-04-25;129163;19.3;H
2023-04-26;130227;18.85;H
2023-04-27;128961;18.94;H
2023-04-28;127306;20.42;H
2023-04-29;113907;21.27;SA
2023-04-30;105968;20.35;D
2023-05-01;107864;14.36;F
2023-05-02;135848;13.72;H
2023-05-03;143550;13.73;H
2023-05-04;140878;15.78;H
2023-05-05;136427;18.02;H
2023-05-06;123437;18.44;SA
2023-05-07;113500;17.83;D
2023-05-08;133323;15.96;H
2023-05-09;140103;15;H
2023-05-10;141772;15.21;H
2023-05-11;147976;12.77;H
2023-05-12;148716;14.28;H
2023-05-13;127262;17.3;SA
2023-05-14;113341;19.82;D
2023-05-15;127979;19.08;H
2023-05-16;130638;20.05;H
2023-05-17;129607;19.93;H
2023-05-18;129372;18.16;H
2023-05-19;141158;15.05;H
2023-05-20;136802;13.74;SA
2023-05-21;131528;16.2;D
2023-05-22;137818;18.66;H
2023-05-23;135777;19.54;H
2023-05-24;133127;20.85;H
2023-05-25;120917;19.64;F
2023-05-26;117606;18.4;F
2023-05-27;132687;12.77;SA
2023-05-28;145034;9.44;D
2023-05-29;170277;10.71;H
2023-05-30;170080;13.08;H
2023-05-31;157022;14.64;H
2023-06-01;143178;17.83;H
2023-06-02;134690;20.56;H
2023-06-03;119674;19.12;SA
2023-06-04;117993;16.1;D
2023-06-05;155960;12.21;H
2023-06-06;155835;16.44;H
2023-06-07;141663;18.25;H
2023-06-08;136201;21.46;H
2023-06-09;136314;18.4;H
2023-06-10;154915;10.39;SA
2023-06-11;164005;7.72;D
2023-06-12;193885;7.44;H
2023-06-13;197018;7.85;H
2023-06-14;195957;8.74;H
2023-06-15;192248;10.32;H
2023-06-16;185656;11.67;H
2023-06-17;170958;9.4;F
2023-06-18;167299;7.67;D
2023-06-19;169325;11.46;F
2023-06-20;171522;11.44;F
2023-06-21;180270;13;H
2023-06-22;184020;11.86;H
2023-06-23;185967;11.38;H
2023-06-24;165334;13.52;SA
2023-06-25;145169;14.17;D
2023-06-26;155572;15.91;H
2023-06-27;168232;13.58;H
2023-06-28;176714;12.12;H
2023-06-29;183520;10.68;H
2023-06-30;178903;12.16;H
2023-07-01;155938;13.57;SA
2023-07-02;140765;15.48;D
2023-07-03;147602;17;H
2023-07-04;141054;20.11;H
2023-07-05;140074;17.27;H
2023-07-06;150327;15;H
2023-07-07;165553;12.1;H
2023-07-08;161060;12.74;SA
2023-07-09;145633;14.65;F
2023-07-10;160909;13.47;H
2023-07-11;182419;11.4;H
2023-07-12;203355;9.8;H
2023-07-13;201176;8.84;H
2023-07-14;205734;7.2;H
2023-07-15;183351;10.73;SA
2023-07-16;174460;8.63;D
2023-07-17;203943;6.77;H
2023-07-18;208064;6.3;H
2023-07-19;208124;9.83;H
2023-07-20;186364;12.45;H
2023-07-21;153627;18.91;H
2023-07-22;119736;23.05;SA
2023-07-23;126423;13.36;D
2023-07-24;176037;10.87;H
2023-07-25;180315;12.21;H
2023-07-26;172209;13.05;H
2023-07-27;181179;9.95;H
2023-07-28;176677;11.01;H
2023-07-29;160363;13.36;SA
2023-07-30;139593;15.14;D
2023-07-31;147782;16.03;H
2023-08-01;136941;21.79;H
2023-08-02;130107;21.92;H
2023-08-03;155156;11.66;H
2023-08-04;158276;12.68;H
2023-08-05;148875;12.33;SA
2023-08-06;129445;16.79;D
2023-08-07;169031;10.3;H
2023-08-08;180458;11.13;H
2023-08-09;167291;13.7;H
2023-08-10;155038;15.9;H
2023-08-11;157347;13.91;H
2023-08-12;166563;9.26;SA
2023-08-13;157503;10.44;D
2023-08-14;157841;17.24;H
2023-08-15;138352;19.31;H
2023-08-16;132241;21.03;H
2023-08-17;146063;15.8;H
2023-08-18;154244;13.91;H
2023-08-19;163170;10.61;SA
2023-08-20;155261;9.85;D
2023-08-21;152747;12.46;F
2023-08-22;155146;14.83;H
2023-08-23;170674;12.56;H
2023-08-24;168784;12.98;H
2023-08-25;165966;12.21;H
2023-08-26;155737;10.52;SA
2023-08-27;149702;10.27;D
2023-08-28;172618;11.69;H
2023-08-29;163638;13.93;H
2023-08-30;151350;16.18;H
2023-08-31;149292;14.24;H
2023-09-01;142370;17.29;H
2023-09-02;135665;14.64;SA
2023-09-03;158676;10.12;D
2023-09-04;180606;10.72;H
2023-09-05;185037;9.49;H
2023-09-06;190143;10.85;H
2023-09-07;175555;14.33;H
2023-09-08;159138;13.74;H
2023-09-09;134102;15.6;SA
2023-09-10;117698;17.31;D
2023-09-11;136931;17.19;H
2023-09-12;147687;14.49;H
2023-09-13;146088;14.17;H
2023-09-14;146471;14.87;H
2023-09-15;135994;19.47;H
2023-09-16;115005;20.83;SA
2023-09-17;113498;16.87;D
2023-09-18;139342;13.93;H
2023-09-19;149347;13.61;H
2023-09-20;147048;15.88;H
2023-09-21;137964;17.9;H
2023-09-22;141828;14.39;H
2023-09-23;136058;14.47;SA
2023-09-24;126574;14.58;D
2023-09-25;142712;14.12;H
2023-09-26;154427;13.6;H
2023-09-27;145150;14.45;H
2023-09-28;135939;16.86;H
2023-09-29;131595;16.36;H
2023-09-30;125494;12.79;SA
2023-10-01;117751;14.21;D
2023-10-02;133412;15.26;H
2023-10-03;134678;16.66;H
2023-10-04;128689;15.47;H
2023-10-05;127222;18.16;H
2023-10-06;124985;20.22;H
2023-10-07;111586;17.68;SA
2023-10-08;104266;21.02;D
2023-10-09;123835;23.33;H
2023-10-10;129372;22.75;H
2023-10-11;129129;13.64;H
2023-10-12;136311;11.52;H
2023-10-13;119148;14.73;F
2023-10-14;110369;17.92;SA
2023-10-15;99714;18.88;D
2023-10-16;105740;21.8;F
2023-10-17;122376;15.33;H
2023-10-18;128837;14.85;H
2023-10-19;126943;17.41;H
2023-10-20;124208;19.66;H
2023-10-21;112674;21;SA
2023-10-22;106838;21.88;D
2023-10-23;123362;17.95;H
2023-10-24;126953;16.53;H
2023-10-25;125169;16.45;H
2023-10-26;124344;19;H
2023-10-27;125026;22.49;H
2023-10-28;119005;24;SA
2023-10-29;108826;21.61;D
2023-10-30;120579;16.45;H
2023-10-31;132787;13.82;H
2023-11-01;141712;13.48;H
2023-11-02;150669;14.36;H
2023-11-03;144994;14.35;H
2023-11-04;122709;16.75;SA
2023-11-05;105909;19.78;D
2023-11-06;124340;21.77;H
2023-11-07;138594;24.17;H
2023-11-08;133041;22.86;H
2023-11-09;128765;20.41;H
2023-11-10;126628;17.88;H
2023-11-11;118419;21.75;SA
2023-11-12;107652;20.93;D
2023-11-13;120904;17.5;H
2023-11-14;126421;19.54;H
2023-11-15;133582;22.18;H
2023-11-16;130144;21.01;H
2023-11-17;132978;21.75;H
2023-11-18;111958;19.35;SA
2023-11-19;105281;21.6;D
2023-11-20;120019;25.21;F
2023-11-21;135288;23.65;H
2023-11-22;131673;21.54;H
2023-11-23;140807;24.63;H
2023-11-24;133661;20.84;H
2023-11-25;123919;22.31;SA
2023-11-26;126133;24.56;D
2023-11-27;158137;26.1;H
2023-11-28;172588;26.11;H
2023-11-29;153412;23.9;H
2023-11-30;153878;24.75;H
2023-12-01;150801;23.73;H
2023-12-02;135116;23.94;SA
2023-12-03;106398;16.81;D
2023-12-04;120635;18.19;H
2023-12-05;125148;19.72;H
2023-12-06;130221;21.3;H
2023-12-07;127680;19.75;H
2023-12-08;115325;20.93;F
2023-12-09;112295;21.41;SA
2023-12-10;116173;23.67;D
2023-12-11;149454;25.18;H
2023-12-12;176193;27.9;H
2023-12-13;183574;27.03;H
2023-12-14;175692;25.24;H
2023-12-15;185567;27.29;H
2023-12-16;173141;27.32;SA
2023-12-17;108819;22.41;D
2023-12-18;114473;18.85;H
2023-12-19;114108;16.97;H
2023-12-20;122497;21.02;H
2023-12-21;137587;24.01;H
2023-12-22;141702;23.98;H
2023-12-23;146926;26.52;SA
2023-12-24;127172;24.24;D
2023-12-25;107396;22.57;F
2023-12-26;126635;21.24;H
2023-12-27;143607;24.98;H
2023-12-28;158863;26.56;H
2023-12-29;144415;23.82;H
2023-12-30;115514;20.98;SA
2023-12-31;115393;24.09;D
2024-01-01;117032;25.21;F
2024-01-02;146647;24.86;H
2024-01-03;152346;24.85;H
2024-01-04;154933;25.34;H
2024-01-05;164900;26.84;H
2024-01-06;152733;26.98;SA
2024-01-07;139750;24.42;D
2024-01-08;151945;25.47;H
2024-01-09;176498;27.92;H
2024-01-10;179095;27.06;H
2024-01-11;152294;23.65;H
2024-01-12;133432;21.94;H
2024-01-13;135432;25.71;SA
2024-01-14;139035;26.5;D
2024-01-15;159045;26.34;H
2024-01-16;143177;22.68;H
2024-01-17;147936;24.16;H
2024-01-18;160417;25.6;H
2024-01-19;156492;25.4;H
2024-01-20;128484;23.24;SA
2024-01-21;118956;23.47;D
2024-01-22;143975;24.49;H
2024-01-23;150568;24.6;H
2024-01-24;151323;25.23;H
2024-01-25;161984;25.95;H
2024-01-26;164237;26.19;H
2024-01-27;150042;25.75;SA
2024-01-28;142941;25.71;D
2024-01-29;175330;26.93;H
2024-01-30;193865;29.25;H
2024-01-31;207852;29.65;H
2024-02-01;219640;31.73;H
2024-02-02;216828;31.08;H
2024-02-03;191510;30.33;SA
2024-02-04;134867;22.89;D
2024-02-05;168013;25.87;H
2024-02-06;190711;28.6;H
2024-02-07;195648;29.97;H
2024-02-08;193393;28.46;H
2024-02-09;169949;26.2;H
2024-02-10;158253;27.44;SA
2024-02-11;162160;28.7;D
2024-02-12;137029;24.28;F
2024-02-13;102946;19.25;F
2024-02-14;122134;21.33;H
2024-02-15;134561;23.93;H
2024-02-16;144359;25.14;H
2024-02-17;141377;25.87;SA
2024-02-18;141879;25.92;D
2024-02-19;165430;25.56;H
2024-02-20;177433;26.31;H
2024-02-21;184374;27.39;H
2024-02-22;189107;27.36;H
2024-02-23;169934;25.55;H
2024-02-24;138703;23.47;SA
2024-02-25;119956;23.6;D
2024-02-26;138921;22.85;H
2024-02-27;155218;25.13;H
2024-02-28;173478;26.48;H
2024-02-29;173318;25.65;H
2024-03-01;156811;24.92;H
2024-03-02;148619;25.81;SA
2024-03-03;112244;21.75;D
2024-03-04;130035;21.12;H
2024-03-05;128861;20.28;H
2024-03-06;129533;21.53;H
2024-03-07;141931;24.37;H
2024-03-08;153547;25.53;H
2024-03-09;144679;26.64;SA
2024-03-10;127116;24.64;D
2024-03-11;138422;23.06;H
2024-03-12;125814;21.05;H
2024-03-13;131376;22.57;H
2024-03-14;133285;22.36;H
2024-03-15;138421;23.55;H
2024-03-16;132835;24.76;SA
2024-03-17;119174;23.73;D
2024-03-18;143716;24.31;H
2024-03-19;148359;24.11;H
2024-03-20;134912;22.33;H
2024-03-21;120334;18.38;H
2024-03-22;119448;17.44;H
2024-03-23;110432;21.36;SA
2024-03-24;112619;24.2;F
2024-03-25;132288;22.28;H
2024-03-26;131726;21.82;H
2024-03-27;135746;23.44;H
2024-03-28;134821;24.13;SA
2024-03-29;123725;24.27;F
2024-03-30;131990;26.12;SA
2024-03-31;104528;20.3;D
2024-04-01;99568;18.43;F
2024-04-02;101742;18.38;F
2024-04-03;118139;18.3;H
2024-04-04;121733;18.37;H
2024-04-05;123672;20.43;H
2024-04-06;110762;21.01;SA
2024-04-07;105546;21.33;D
2024-04-08;124995;21.35;H
2024-04-09;129641;22.04;H
2024-04-10;120590;16.41;H
2024-04-11;122659;15.45;H
2024-04-12;123199;17.65;H
2024-04-13;114040;18.33;SA
2024-04-14;107740;20.3;D
2024-04-15;125653;22.07;H
2024-04-16;126885;17.5;H
2024-04-17;125697;18.28;H
2024-04-18;123506;17.77;H
2024-04-19;122312;21.37;H
2024-04-20;111118;22.7;SA
2024-04-21;104304;20.78;D
2024-04-22;121728;18.81;H
2024-04-23;123077;19.14;H
2024-04-24;125857;15.62;H
2024-04-25;130270;16.53;H
2024-04-26;129564;18.24;H
2024-04-27;120876;14.29;SA
2024-04-28;117482;14.01;D
2024-04-29;132491;17.38;H
2024-04-30;128775;19.22;H
2024-05-01;116583;15.83;F
2024-05-02;138798;12.35;H
2024-05-03;146768;11.66;H
2024-05-04;130579;14.78;SA
2024-05-05;113261;19.01;D
2024-05-06;127001;19.09;H
2024-05-07;129937;18.5;H
2024-05-08;132672;16.38;H
2024-05-09;142398;12.11;H
2024-05-10;146314;13.89;H
2024-05-11;135934;13.84;SA
2024-05-12;144316;10.87;D
2024-05-13;170126;9.35;H
2024-05-14;176588;9.41;H
2024-05-15;174186;10.99;H
2024-05-16;164492;13.05;H
2024-05-17;169762;10.27;H
2024-05-18;162670;9.31;SA
2024-05-19;159578;8.89;D
2024-05-20;173831;11.89;H
2024-05-21;170272;13.56;H
2024-05-22;167798;11.69;H
2024-05-23;172637;11.97;H
2024-05-24;181295;8.64;H
2024-05-25;170118;6.37;F
2024-05-26;170357;8.29;D
2024-05-27;191198;8.82;H
2024-05-28;184224;10.06;H
2024-05-29;170133;12.7;H
2024-05-30;156898;13.77;H
2024-05-31;151589;13.42;H
2024-06-01;153000;17.25;SA
2024-06-02;153000;12.27;D
2024-06-03;177171;8.9;H
2024-06-04;183113;11.05;H
2024-06-05;169513;13.89;H
2024-06-06;149098;16.04;H
2024-06-07;138316;17.27;H
2024-06-08;120064;20.15;SA
2024-06-09;107129;21.7;D
2024-06-10;127937;16.15;H
2024-06-11;141094;15.24;H
2024-06-12;135927;18.41;H
2024-06-13;126111;24.15;H
2024-06-14;123427;19.35;H
2024-06-15;118371;15.96;SA
2024-06-16;118697;14.1;D
2024-06-17;128158;14.87;F
2024-06-18;137476;16.57;H
2024-06-19;136250;15.62;H
2024-06-20;134318;12.8;F
2024-06-21;130850;16.18;F
2024-06-22;122449;16.89;SA
2024-06-23;130702;12.62;D
2024-06-24;173423;9.01;H
2024-06-25;187203;8.57;H
2024-06-26;186054;10.05;H
2024-06-27;175370;13.15;H
2024-06-28;178837;10.3;H
2024-06-29;182465;6.28;SA
2024-06-30;175113;8.31;D
2024-07-01;179161;12.03;H
2024-07-02;171415;13.23;H
2024-07-03;180816;9.94;H
2024-07-04;191311;8;H
2024-07-05;201804;6.42;H
2024-07-06;191305;5.85;SA
2024-07-07;179001;7.73;D
2024-07-08;203869;5.32;H
2024-07-09;196366;3.9;F
2024-07-10;212245;4.5;H
2024-07-11;211497;5.67;H
2024-07-12;203970;7.12;H
2024-07-13;184020;6.78;SA
2024-07-14;175186;7.38;D
2024-07-15;190568;11.08;H
2024-07-16;183411;10.4;H
2024-07-17;188156;11.88;H
2024-07-18;155529;12.78;H
2024-07-19;165090;11.23;H
2024-07-20;171724;9.65;SA
2024-07-21;151703;12.08;D
2024-07-22;165956;12.46;H
2024-07-23;168733;12.47;H
2024-07-24;155993;16.9;H
2024-07-25;149423;15.02;H
2024-07-26;147719;13.41;H
2024-07-27;139277;13.08;SA
2024-07-28;146465;10.09;D
2024-07-29;181886;7.88;H
2024-07-30;188016;10.52;H
2024-07-31;170429;13.96;H
2024-08-01;141091;19.93;H
2024-08-02;125727;24.88;H
2024-08-03;113961;16.59;SA
2024-08-04;124512;12.96;D
2024-08-05;152112;14.39;H
2024-08-06;146022;16.75;H
2024-08-07;158155;11.72;H
2024-08-08;183752;8.09;H
2024-08-09;186144;8.01;H
2024-08-10;165825;10.92;SA
2024-08-11;148281;12.7;D
2024-08-12;177886;9.21;H
2024-08-13;169525;13.31;H
2024-08-14;157378;14.46;H
2024-08-15;147797;14.55;H
2024-08-16;164133;10.45;H
2024-08-17;145495;12.52;F
2024-08-18;138828;13.75;D
2024-08-19;166131;12.36;H
2024-08-20;186040;9.66;H
2024-08-21;180610;12.07;H
2024-08-22;187171;9.55;H
2024-08-23;183135;8.75;H
2024-08-24;166442;9.38;SA
2024-08-25;161628;8.57;D
2024-08-26;176049;8.88;H
2024-08-27;165222;12.21;H
2024-08-28;156322;13.19;H
2024-08-29;151531;14.26;H
2024-08-30;171095;11.8;H
2024-08-31;169150;11.27;SA
2024-09-01;154225;11.8;D
2024-09-02;159582;12.87;H
2024-09-03;146640;15.6;H
2024-09-04;142639;15.3;H
2024-09-05;146588;12.83;H
2024-09-06;140352;16.45;H
2024-09-07;119695;16.77;SA
2024-09-08;109918;16;D
2024-09-09;130851;16.21;H
2024-09-10;133383;16.14;H
2024-09-11;134299;14.9;H
2024-09-12;134703;14.62;H
2024-09-13;131465;15.83;H
2024-09-14;119761;14.78;SA
2024-09-15;114052;15.23;D
2024-09-16;125429;19.47;H
2024-09-17;124577;19.38;H
2024-09-18;124204;20.83;H
2024-09-19;123554;20.12;H
2024-09-20;122498;18.16;H
2024-09-21;110934;20.57;SA
2024-09-22;104054;19.41;D
2024-09-23;121824;16.7;H
2024-09-24;124921;17.28;H
2024-09-25;125245;17.23;H
2024-09-26;125608;15.83;H
2024-09-27;124033;15.66;H
2024-09-28;110394;19.95;SA
2024-09-29;103226;21.86;D
2024-09-30;125248;24.36;H
2024-10-01;122108;18.69;H
2024-10-02;122033;16.42;H
2024-10-03;122469;14.96;H
2024-10-04;121225;17.78;H
2024-10-05;109315;20.25;SA
2024-10-06;101754;18.68;D
2024-10-07;119729;18.75;H
2024-10-08;123241;17.55;H
2024-10-09;122867;17.12;H
2024-10-10;120861;18.59;H
2024-10-11;109088;22.34;F
2024-10-12;101869;19.08;F
2024-10-13;99822;18.48;D
2024-10-14;119130;18.48;H
2024-10-15;123724;20.51;H
2024-10-16;125679;20.48;H
2024-10-17;124815;20.71;H
2024-10-18;124235;21.05;H
2024-10-19;116096;22.9;SA
2024-10-20;112521;24.75;D
2024-10-21;154876;27.61;H
2024-10-22;149432;23.89;H
2024-10-23;131532;21.13;H
2024-10-24;125610;18.07;H
2024-10-25;121922;15.99;H
2024-10-26;109833;17.03;SA
2024-10-27;102482;21.07;D
2024-10-28;130054;24.43;H
2024-10-29;145088;25.85;H
2024-10-30;150205;25.48;H
2024-10-31;149792;24.03;H
2024-11-01;160335;25.9;H
2024-11-02;128755;22.81;SA
2024-11-03;107278;20;D
2024-11-04;125316;19.55;H
2024-11-05;126021;19.82;H
2024-11-06;129435;21.68;H
2024-11-07;128754;20.15;H
2024-11-08;127244;20.05;H
2024-11-09;122552;23.17;SA
2024-11-10;119640;23.88;D
2024-11-11;121607;18.22;H
2024-11-12;123358;18.63;H
2024-11-13;128531;21.48;H
2024-11-14;140139;24.44;H
2024-11-15;154030;26.47;H
2024-11-16;154623;27.79;SA
2024-11-17;111218;17.94;D
2024-11-18;105972;18.5;F
2024-11-19;120204;19.8;H
2024-11-20;129680;21.97;H
2024-11-21;133489;22.11;H
2024-11-22;137226;22.57;H
2024-11-23;128127;23.46;SA
2024-11-24;133973;26.13;D
2024-11-25;154871;24.56;H
2024-11-26;150976;23.68;H
2024-11-27;141820;22.25;H
2024-11-28;143682;22.89;H
2024-11-29;141038;23.1;H
2024-11-30;124782;21.85;SA
2024-12-01;108237;20.34;D
2024-12-02;120083;18.63;H
2024-12-03;120748;17.61;H
2024-12-04;128105;21.04;H
2024-12-05;146349;25.92;H
2024-12-06;143071;23.28;H
2024-12-07;110967;17.28;SA
2024-12-08;100295;17.58;F
2024-12-09;122420;20.05;H
2024-12-10;139671;23.58;H
2024-12-11;153485;24.49;H
2024-12-12;167429;26.68;H
2024-12-13;156166;24.14;H
2024-12-14;132153;23.4;SA
2024-12-15;115273;22.06;D
2024-12-16;133619;21.15;H
2024-12-17;145350;23.52;H
2024-12-18;153307;24.99;H
2024-12-19;155048;24.35;H
2024-12-20;152238;25.71;H
2024-12-21;116376;19.34;SA
2024-12-22;112209;22.25;D
2024-12-23;140687;25.61;H
2024-12-24;120026;21.73;H
2024-12-25;92291;18.39;F
2024-12-26;117185;21.2;H
2024-12-27;129177;22.93;H
2024-12-28;124611;22.52;SA
2024-12-29;116029;22.99;D
2024-12-30;136627;24.12;H
2024-12-31;136244;25.96;H
2025-01-01;134397;26.75;F
2025-01-02;148373;26.08;H
2025-01-03;135141;23.13;H
2025-01-04;121447;21.46;SA
2025-01-05;115525;22.23;D
2025-01-06;133816;23.15;H
2025-01-07;145155;24.58;H
2025-01-08;153589;25.6;H
2025-01-09;159571;26.61;H
2025-01-10;161716;26.2;H
2025-01-11;143792;25.44;SA
2025-01-12;136860;25.74;D
2025-01-13;165945;26.95;H
2025-01-14;175509;27.61;H
2025-01-15;185430;28.68;H
2025-01-16;198038;29.09;H
2025-01-17;189041;27.8;H
2025-01-18;154115;25.69;SA
2025-01-19;126101;23.2;D
2025-01-20;133374;22.71;H
2025-01-21;148092;25.02;H
2025-01-22;179252;29.5;H
2025-01-23;198984;29.58;H
2025-01-24;188388;28.07;H
2025-01-25;157796;27.25;SA
2025-01-26;148935;28.21;D
2025-01-27;172761;26.17;H
2025-01-28;175738;26.02;H
2025-01-29;175204;26.01;H
2025-01-30;177161;26.26;H
2025-01-31;173835;26.21;H
2025-02-01;166255;27.81;SA
2025-02-02;168671;29.41;D
2025-02-03;210466;31.24;H
2025-02-04;188976;27.1;H
2025-02-05;156861;23.44;H
2025-02-06;154205;24.1;H
2025-02-07;170453;26.99;H
2025-02-08;170349;28.53;SA
2025-02-09;144970;24.65;D
2025-02-10;197804;30.37;H
2025-02-11;159329;23.15;H
2025-02-12;143840;22.92;H
2025-02-13;148589;25;H
2025-02-14;144338;24.35;H
2025-02-15;132508;24.33;SA
2025-02-16;136768;25.89;D
2025-02-17;157381;25.73;H
2025-02-18;126136;18.42;H
2025-02-19;138170;22.68;H
2025-02-20;168059;27.45;H
2025-02-21;201948;30.24;H
2025-02-22;169279;26.48;SA
2025-02-23;164094;27.76;D
2025-02-24;163522;24.72;H
2025-02-25;156061;24.71;H
2025-02-26;154835;24.45;H
2025-02-27;156353;25.34;H
2025-02-28;165598;25.96;H
2025-03-01;142126;25;SA
2025-03-02;123767;23.2;D
2025-03-03;119565;23.48;F
2025-03-04;128019;24.63;F
2025-03-05;187506;29.7;H
2025-03-06;219323;31.05;H
2025-03-07;222216;30.95;H
2025-03-08;127855;20.25;SA
2025-03-09;102983;18.05;D
2025-03-10;121298;19.99;H
2025-03-11;123113;19.45;H
2025-03-12;120760;18.43;H
2025-03-13;120339;17.61;H
2025-03-14;120848;18.78;H
2025-03-15;111563;20.45;SA
2025-03-16;105719;22.29;D
2025-03-17;132448;24.13;H
2025-03-18;147562;24.72;H
2025-03-19;160828;26.53;H
2025-03-20;168459;26.89;H
2025-03-21;173587;27.33;H
2025-03-22;146256;25.37;SA
2025-03-23;114214;20.82;D
2025-03-24;112903;21.17;F
2025-03-25;126475;20.62;H
2025-03-26;131957;22.04;H
2025-03-27;147850;25.17;H
2025-03-28;142593;23.26;H
2025-03-29;123366;21.78;SA
2025-03-30;123858;24.44;D
2025-03-31;120959;17.35;H
2025-04-01;120481;16.95;H
2025-04-02;110220;19.56;F
2025-04-03;120412;17.38;H
2025-04-04;126847;12.33;H
2025-04-05;118145;15.17;SA
2025-04-06;107720;18.54;D
2025-04-07;124271;17.85;H
2025-04-08;127363;19.85;H
2025-04-09;124871;20.42;H
2025-04-10;121487;20.61;H
2025-04-11;125916;22.16;H
2025-04-12;113957;21.38;SA
2025-04-13;103429;17.7;D
2025-04-14;121731;17.1;H
2025-04-15;125378;18.44;H
2025-04-16;124994;17.39;H
2025-04-17;121703;17.18;SA
2025-04-18;109505;17.23;F
2025-04-19;111901;15.02;SA
2025-04-20;109466;14.29;D
2025-04-21;126493;16.49;H
2025-04-22;125621;20.19;H
2025-04-23;125637;21.82;H
2025-04-24;124693;19.5;H
2025-04-25;126104;21.99;H
2025-04-26;112232;17.7;SA
2025-04-27;109188;16.1;D
2025-04-28;126394;15.97;H
2025-04-29;129786;16.13;H
2025-04-30;126943;18.64;H
2025-05-01;107187;18.73;F
2025-05-02;116789;19.14;SA
2025-05-03;110891;18.71;SA
2025-05-04;105285;22.04;D
2025-05-05;124632;17.94;H
2025-05-06;127014;21.1;H
2025-05-07;126563;20.33;H
2025-05-08;127804;19.32;H
2025-05-09;125742;18.18;H
2025-05-10;114840;17.37;SA
2025-05-11;109537;16.33;D
2025-05-12;127099;17.11;H
2025-05-13;129831;17.96;H
2025-05-14;128029;20.73;H
2025-05-15;128439;21.86;H
2025-05-16;129817;20.16;H
2025-05-17;120852;18.85;SA
2025-05-18;115065;15.15;D
2025-05-19;148564;11.77;H
2025-05-20;159966;11.49;H
2025-05-21;159666;12.57;H
2025-05-22;161161;11.9;H
2025-05-23;158806;14.14;H
2025-05-24;135434;15.81;SA
2025-05-25;124885;15.43;F
2025-05-26;138980;17.97;H
2025-05-27;155749;14.63;H
2025-05-28;174935;10.12;H
2025-05-29;181289;8.83;H
2025-05-30;181197;10.6;H
2025-05-31;159168;12.03;SA
2025-06-01;154077;10.9;D
2025-06-02;169404;13.14;H
2025-06-03;168748;12.9;H
2025-06-04;163043;14.32;H
2025-06-05;165924;12.1;H
2025-06-06;167226;12.01;H
2025-06-07;154970;12.12;SA
2025-06-08;152677;11.46;D
2025-06-09;177077;9.82;H
2025-06-10;179910;10.38;H
2025-06-11;177517;12.57;H
2025-06-12;174838;14;H
2025-06-13;175334;13.25;H
2025-06-14;169516;11.51;SA
2025-06-15;160546;9.68;D
2025-06-16;170966;11.59;F
2025-06-17;182640;11.46;H
2025-06-18;188459;9.75;H
2025-06-19;181191;10.67;H
2025-06-20;163227;11.6;F
2025-06-21;161759;12.25;SA
2025-06-22;161272;11.55;D
2025-06-23;209759;7.05;H
2025-06-24;207450;9.03;H
2025-06-25;198380;10.81;H
2025-06-26;198757;8.67;H
2025-06-27;195681;9.12;H
2025-06-28;181200;9.22;SA
2025-06-29;185610;6.63;D
2025-06-30;221849;4.1;H
2025-07-01;227836;4.08;H
2025-07-02;224798;4.84;H
2025-07-03;215322;9.52;H
2025-07-04;196749;11.36;H
2025-07-05;172868;11.76;SA
2025-07-06;161795;12.4;D
2025-07-07;168590;14.46;H
2025-07-08;169902;12.28;H
2025-07-09;151625;13.65;F
2025-07-10;165684;13.2;H
2025-07-11;162503;13.59;H
2025-07-12;147476;13.23;SA
2025-07-13;139238;14.16;D
2025-07-14;165064;12.94;H
2025-07-15;153957;16.64;H
2025-07-16;164824;13.85;H
2025-07-17;190126;8.7;H
2025-07-18;182969;10.81;H
2025-07-19;159948;12.73;SA
2025-07-20;139816;14.52;D
2025-07-21;148515;15.55;H
2025-07-22;165347;11.74;H
2025-07-23;183422;9.26;H
2025-07-24;177943;11.67;H
2025-07-25;173585;12.85;H
2025-07-26;166501;10.06;SA
2025-07-27;166466;10.4;D
2025-07-28;174815;11.46;H
2025-07-29;175137;11.32;H
2025-07-30;164916;14.32;H
2025-07-31;157161;15.69;H
2025-08-01;150238;16.45;H
2025-08-02;131589;15.64;SA
2025-08-03;129474;13.68;D
2025-08-04;157729;12.44;H
2025-08-05;174397;9.78;H
2025-08-06;170055;12.55;H
2025-08-07;179202;10.27;H
2025-08-08;177334;9.75;H
2025-08-09;162100;9.69;SA
2025-08-10;147687;11.66;D
2025-08-11;159046;14.25;H
2025-08-12;151895;15.75;H
2025-08-13;160421;12.3;H
2025-08-14;173462;9.41;H
2025-08-15;180902;8.85;SA
2025-08-16;170824;11.12;SA
2025-08-17;149031;13.09;F
2025-08-18;161014;14.58;H
2025-08-19;168408;15.14;H
2025-08-20;163065;15.15;H
2025-08-21;152296;15.4;H
2025-08-22;147798;15.76;H
2025-08-23;145995;12.12;SA
2025-08-24;142728;12.67;D
2025-08-25;148892;15.16;H
2025-08-26;143237;14.72;H
2025-08-27;137759;16.3;H
2025-08-28;132895;16.61;H
2025-08-29;129216;17.98;H
2025-08-30;115422;18.89;SA
2025-08-31;115291;17.27;D
2025-09-01;145010;13.68;H
2025-09-02;165346;12.01;H
2025-09-03;157091;13.82;H
2025-09-04;170500;9.25;H
2025-09-05;172179;9.25;H
2025-09-06;154711;9.87;SA
2025-09-07;140659;12.59;D
2025-09-08;149880;15.16;H
2025-09-09;141542;16.37;H
2025-09-10;133034;18.6;H
2025-09-11;129965;17.4;H
2025-09-12;127856;16.35;H
2025-09-13;117408;16.43;SA
2025-09-14;106305;18.67;D
2025-09-15;124390;17.02;H
2025-09-16;127694;16.43;H
2025-09-17;126363;18.97;H
2025-09-18;125625;19.99;H
2025-09-19;128207;18.31;H
2025-09-20;119096;17.03;SA
2025-09-21;117482;14.13;D
2025-09-22;132933;15.52;H
2025-09-23;132570;15.11;H
2025-09-24;136681;13.34;H
2025-09-25;139237;13.94;H
2025-09-26;131233;17.28;H
2025-09-27;122621;16.04;SA
2025-09-28;112937;16.85;D
2025-09-29;124397;18.13;H
2025-09-30;124796;19.65;H
2025-10-01;124114;17.31;H
2025-10-02;124634;19.72;H
2025-10-03;126491;20.92;H
2025-10-04;122042;24.1;SA
2025-10-05;109903;19.45;D
2025-10-06;126522;13.49;H
2025-10-07;129206;16.71;H
2025-10-08;125670;20.22;H
2025-10-09;124144;21.89;H
2025-10-10;113458;22.83;F
2025-10-11;113827;22.65;SA
2025-10-12;104991;16.54;D
2025-10-13;122300;19.14;H
2025-10-14;125678;19.94;H
2025-10-15;128737;22.17;H
2025-10-16;133504;22.85;H
2025-10-17;126597;20.31;H
2025-10-18;111873;17.04;SA
2025-10-19;101831;17.48;D
2025-10-20;120102;20.08;H
2025-10-21;127631;22.88;H
2025-10-22;128731;22.55;H
2025-10-23;139549;25.81;H
2025-10-24;131857;21.03;H
2025-10-25;113710;16.12;SA
2025-10-26;104999;17.2;D
2025-10-27;128583;12.86;H
2025-10-28;137130;12.4;H
2025-10-29;136551;14.18;H
2025-10-30;128810;17.13;H
2025-10-31;124255;19.29;H
2025-11-01;115517;21.96;SA
2025-11-02;108245;20.98;D
2025-11-03;130333;22.87;H
2025-11-04;127751;19.62;H
2025-11-05;123209;17.31;H
2025-11-06;123431;15.6;H
2025-11-07;127033;15.35;H
2025-11-08;114763;16.96;SA
2025-11-09;104905;19.47;D
2025-11-10;124245;21.48;H
2025-11-11;131057;22.6;H
2025-11-12;126645;20.92;H
2025-11-13;132214;21.75;H
2025-11-14;141567;24.41;H
2025-11-15;142072;27.17;SA
2025-11-16;114278;20.5;D
2025-11-17;120856;18.2;H
2025-11-18;129751;22.83;H
2025-11-19;128186;20.34;H
2025-11-20;126919;19.53;H
2025-11-21;120252;16.72;SA
2025-11-22;110515;16.59;SA
2025-11-23;100987;19.27;D
2025-11-24;107455;21.1;F
2025-11-25;134373;23.53;H
2025-11-26;153271;25.49;H
2025-11-27;162548;26.32;H
2025-11-28;154290;23.59;H
2025-11-29;115712;17.77;SA
2025-11-30;106506;18.72;D
2025-12-01;124576;20.7;H
2025-12-02;134660;21.94;H
2025-12-03;154500;26.7;H
2025-12-04;176498;28.98;H
2025-12-05;187707;28.97;H
2025-12-06;171276;28.05;SA
2025-12-07;126150;22.37;D
2025-12-08;121432;22.17;F
2025-12-09;139160;22.61;H
2025-12-10;152337;24.21;H
2025-12-11;161670;25.13;H
2025-12-12;171130;27.3;H
2025-12-13;164507;27.23;SA
2025-12-14;126278;22.75;D
2025-12-15;134791;22.1;H
2025-12-16;132734;20.9;H
2025-12-17;145162;24.3;H
2025-12-18;173208;27.87;H
2025-12-19;176136;26;H
2025-12-20;149820;25.26;SA
2025-12-21;146549;25.32;D
2025-12-22;173684;25.72;H
2025-12-23;178964;25.68;H
2025-12-24;176192;28.69;H
2025-12-25;136418;25.35;F
2025-12-26;174079;27.31;H
2025-12-27;180004;29.22;SA
2025-12-28;164026;28.45;D
2025-12-29;196158;28.95;H
2025-12-30;206964;31.43;H
2025-12-31;197792;33.18;H
2026-01-01;143584;25.51;F
2026-01-02;144594;23.63;H
2026-01-03;112341;19.54;SA
2026-01-04;102870;19.57;D
2026-01-05;130250;22.9;H
2026-01-06;151277;26.22;H
2026-01-07;148009;23.97;H
2026-01-08;122649;19.75;H
2026-01-09;125256;21.9;H
2026-01-10;111055;20.31;SA
2026-01-11;116660;24.03;D
2026-01-12;171938;29.12;H
2026-01-13;186916;28.07;H
2026-01-14;194735;28.28;H
2026-01-15;189620;27.91;H
2026-01-16;158528;24.63;H
2026-01-17;160784;28.21;SA
2026-01-18;128861;23.53;D
2026-01-19;127478;20.06;H
2026-01-20;136346;23.37;H
2026-01-21;148820;24.87;H
2026-01-22;157982;25.3;H
2026-01-23;172455;26.61;H
2026-01-24;163004;27.4;SA
2026-01-25;161740;27.96;D
2026-01-26;195273;29.51;H
2026-01-27;188861;26.67;H
2026-01-28;175495;25.47;H
2026-01-29;174871;25.48;H
2026-01-30;173162;26.06;H
2026-01-31;151333;25.22;SA
2026-02-01;146660;25.69;D
2026-02-02;186089;28.46;H
2026-02-03;197708;29.05;H
2026-02-04;158071;24.27;H
2026-02-05;157171;25.37;H
2026-02-06;145592;24.23;H
2026-02-07;139616;25.34;SA
2026-02-08;144226;26.73;D
2026-02-09;171602;27.72;H
2026-02-10;186424;27.9;H
2026-02-11;178411;27.3;H
2026-02-12;160979;24.13;H
2026-02-13;145582;22.66;H
2026-02-14;127440;23.13;SA
2026-02-15;122320;23.94;D
2026-02-16;129857;24.14;F
2026-02-17;136147;24.85;F
2026-02-18;170321;26.08;H
2026-02-19;156752;25.15;H
2026-02-20;147610;23.03;H
