FECHA;DEMANDA_GBA;TEMP_APARENTE_AVG;TIPO_DIA
2021-01-01;116060;25.73;F
2021-01-02;143622;27.6;SA
2021-01-03;142036;26.22;D
2021-01-04;159585;26.35;H
2021-01-05;160567;27.89;H
2021-01-06;135331;23.91;H
2021-01-07;142220;25.58;H
2021-01-08;153265;25.88;H
2021-01-09;131715;24.66;SA
2021-01-10;140509;27.8;D
2021-01-11;133311;22.71;H
2021-01-12;121947;18.37;H
2021-01-13;126011;20.54;H
2021-01-14;131681;21.01;H
2021-01-15;129689;21.73;H
2021-01-16;124336;26.13;SA
2021-01-17;103307;19.14;D
2021-01-18;131389;23.45;H
2021-01-19;154056;26.65;H
2021-01-20;167442;27.84;H
2021-01-21;168315;27.19;H
2021-01-22;170625;27.65;H
2021-01-23;168404;30.48;SA
2021-01-24;168319;31.7;D
2021-01-25;197975;31.74;H
2021-01-26;195612;31.5;H
2021-01-27;177790;28.13;H
2021-01-28;151859;25.43;H
2021-01-29;146135;25.97;H
2021-01-30;119486;20.4;SA
2021-01-31;99236;16.69;D
2021-02-01;118898;22.21;H
2021-02-02;123450;23.13;H
2021-02-03;125668;23.53;H
2021-02-04;127018;22.34;H
2021-02-05;129223;21.85;H
2021-02-06;129210;24.78;SA
2021-02-07;135840;28.01;D
2021-02-08;134558;22.58;H
2021-02-09;124766;20.52;H
2021-02-10;126583;22.66;H
2021-02-11;131139;24.3;H
2021-02-12;136247;25.87;H
2021-02-13;126300;25.68;SA
2021-02-14;117674;26.09;D
2021-02-15;114960;23.36;F
2021-02-16;107303;20.69;F
2021-02-17;124234;22.85;H
2021-02-18;143002;26.65;H
2021-02-19;142720;24.53;H
2021-02-20;115977;19.03;SA
2021-02-21;120351;25.09;D
2021-02-22;141217;25.47;H
2021-02-23;140338;24.66;H
2021-02-24;143977;25.14;H
2021-02-25;155820;26.47;H
2021-02-26;162530;28.28;H
2021-02-27;146264;26.25;SA
2021-02-28;138373;25.79;D
2021-03-01;161942;27.64;H
2021-03-02;169465;28.93;H
2021-03-03;169098;28.32;H
2021-03-04;166838;28.35;H
2021-03-05;140683;21.35;H
2021-03-06;118902;20.58;SA
2021-03-07;118068;24.6;D
2021-03-08;151532;27.58;H
2021-03-09;136570;20.81;H
2021-03-10;146032;25.53;H
2021-03-11;151933;26.73;H
2021-03-12;151693;25.76;H
2021-03-13;129079;23.68;SA
2021-03-14;121024;24.5;D
2021-03-15;141095;24.96;H
2021-03-16;134732;23.85;H
2021-03-17;123101;17.2;H
2021-03-18;118808;14.33;H
2021-03-19;119958;17.39;H
2021-03-20;110052;20.26;SA
2021-03-21;101213;20.01;D
2021-03-22;118092;19.84;H
2021-03-23;123624;21.72;H
2021-03-24;116859;24.75;F
2021-03-25;126362;22.73;H
2021-03-26;125529;23.74;H
2021-03-27;112722;22.4;SA
2021-03-28;103843;22.24;D
2021-03-29;120869;20.56;H
2021-03-30;122336;19.32;H
2021-03-31;122236;19.72;H
2021-04-01;116973;20.91;SA
2021-04-02;104789;21.53;F
2021-04-03;105799;22.25;SA
2021-04-04;102385;23.45;D
2021-04-05;130124;26.08;H
2021-04-06;139677;26.81;H
2021-04-07;144984;26.93;H
2021-04-08;137832;25.13;H
2021-04-09;129820;24.71;H
2021-04-10;115593;23.39;SA
2021-04-11;104105;18.43;D
2021-04-12;120094;18.25;H
2021-04-13;122543;18.98;H
2021-04-14;122918;19.1;H
2021-04-15;124825;22.4;H
2021-04-16;123516;22.28;H
2021-04-17;112515;22.68;SA
2021-04-18;103345;20.68;D
2021-04-19;119806;21.05;H
2021-04-20;123269;21.11;H
2021-04-21;123447;20.25;H
2021-04-22;123337;21.51;H
2021-04-23;123984;22.07;H
2021-04-24;109188;18.12;SA
2021-04-25;102385;15.32;D
2021-04-26;120629;16.06;H
2021-04-27;123999;16.04;H
2021-04-28;124270;17.6;H
2021-04-29;123339;18.5;H
2021-04-30;121489;18.43;H
2021-05-01;102609;20.04;F
2021-05-02;101263;21.72;D
2021-05-03;120399;22.04;H
2021-05-04;128366;11.6;H
2021-05-05;140214;8.89;H
2021-05-06;148638;9.38;H
2021-05-07;148881;10.05;H
2021-05-08;132196;13.85;SA
2021-05-09;124660;14.93;D
2021-05-10;144894;12.79;H
2021-05-11;156904;9.27;H
2021-05-12;157939;10.46;H
2021-05-13;154741;11.9;H
2021-05-14;150785;12.16;H
2021-05-15;139486;11.68;SA
2021-05-16;134192;12.21;D
2021-05-17;154580;11.24;H
2021-05-18;159621;10.75;H
2021-05-19;159840;11.62;H
2021-05-20;153874;13.75;H
2021-05-21;159685;12.09;H
2021-05-22;151371;12.43;SA
2021-05-23;148229;8.82;D
2021-05-24;147305;10.53;F
2021-05-25;141604;11.41;F
2021-05-26;156815;10.17;H
2021-05-27;146288;15.29;H
2021-05-28;140825;14.6;H
2021-05-29;147361;8.41;SA
2021-05-30;150003;7.89;D
2021-05-31;159314;12.84;H
2021-06-01;153327;14.33;H
2021-06-02;155912;11.55;H
2021-06-03;160202;11.62;H
2021-06-04;148701;17.23;H
2021-06-05;139675;12.51;SA
2021-06-06;146307;8.3;D
2021-06-07;165920;11.24;H
2021-06-08;155629;14.54;H
2021-06-09;148819;16.99;H
2021-06-10;145876;14.54;H
2021-06-11;163936;8.7;H
2021-06-12;138745;14.69;SA
2021-06-13;121979;15.71;D
2021-06-14;151019;12.45;H
2021-06-15;177025;5.9;H
2021-06-16;193170;4.36;H
2021-06-17;195322;4.25;H
2021-06-18;198296;3.7;H
2021-06-19;179585;4.97;SA
2021-06-20;164184;6.25;F
2021-06-21;173833;8.82;F
2021-06-22;171858;11.83;H
2021-06-23;173007;12.85;H
2021-06-24;167124;12.49;H
2021-06-25;167043;10.34;H
2021-06-26;167811;7.88;SA
2021-06-27;181405;3.2;D
2021-06-28;211022;3.79;H
2021-06-29;212139;4.78;H
2021-06-30;208289;4.68;H
2021-07-01;205020;6.6;H
2021-07-02;189321;8.78;H
2021-07-03;170983;7.76;SA
2021-07-04;158131;8.18;D
2021-07-05;178578;9.06;H
2021-07-06;184077;10.18;H
2021-07-07;166665;15.01;H
2021-07-08;153184;15;H
2021-07-09;124868;18.18;F
2021-07-10;123718;13.2;SA
2021-07-11;140203;8.6;D
2021-07-12;156274;15.37;H
2021-07-13;162807;11.69;H
2021-07-14;183083;9.01;H
2021-07-15;173128;10.79;H
2021-07-16;175026;8.47;H
2021-07-17;169449;6.23;SA
2021-07-18;173482;3.21;D
2021-07-19;192145;5.22;H
2021-07-20;185378;7.66;H
2021-07-21;174627;10.11;H
2021-07-22;164990;11.9;H
2021-07-23;148037;16.05;H
2021-07-24;135733;13.25;SA
2021-07-25;133412;13.92;D
2021-07-26;161192;9.38;H
2021-07-27;190211;2.43;H
2021-07-28;200866;2.98;H
2021-07-29;194778;5.21;H
2021-07-30;184412;6.71;H
2021-07-31;159992;8.78;SA
2021-08-01;151481;8.63;D
2021-08-02;172134;8.31;H
2021-08-03;171566;10.42;H
2021-08-04;169681;9.94;H
2021-08-05;178389;10.07;H
2021-08-06;155148;15;H
2021-08-07;124343;19.07;SA
2021-08-08;138388;9.5;D
2021-08-09;192438;4.56;H
2021-08-10;196738;3.46;H
2021-08-11;191247;6.18;H
2021-08-12;189259;5.91;H
2021-08-13;184285;7.95;H
2021-08-14;157437;10.32;SA
2021-08-15;145690;9.57;D
2021-08-16;142654;12.39;F
2021-08-17;146016;14.76;H
2021-08-18;144401;14.53;H
2021-08-19;149335;12.98;H
2021-08-20;144215;11.97;H
2021-08-21;140407;10.52;SA
2021-08-22;123255;13.97;D
2021-08-23;154674;8.53;H
2021-08-24;161773;8.66;H
2021-08-25;159848;9.78;H
2021-08-26;154984;11.24;H
2021-08-27;152176;10.14;H
2021-08-28;135823;12.74;SA
2021-08-29;120756;13.49;D
2021-08-30;130748;17.29;H
2021-08-31;126000;22.07;H
2021-09-01;128754;17.26;H
2021-09-02;144350;14.02;H
2021-09-03;142160;13.2;H
2021-09-04;135034;12.93;SA
2021-09-05;125124;12.31;D
2021-09-06;145504;12.08;H
2021-09-07;153692;13.24;H
2021-09-08;156796;15.43;H
2021-09-09;160017;10.97;H
2021-09-10;160517;12.1;H
2021-09-11;133602;13.42;SA
2021-09-12;115329;15.85;D
2021-09-13;135304;14.28;H
2021-09-14;141885;10.57;H
2021-09-15;142080;12.06;H
2021-09-16;131817;15.3;H
2021-09-17;125293;15.52;H
2021-09-18;112844;17.99;SA
2021-09-19;106376;16.32;D
2021-09-20;127726;13.07;H
2021-09-21;139169;8.93;H
2021-09-22;149134;11.61;H
2021-09-23;139823;14.69;H
2021-09-24;132820;13;H
2021-09-25;118252;15.73;SA
2021-09-26;105415;19.43;D
2021-09-27;131165;13.35;H
2021-09-28;144695;11.48;H
2021-09-29;134493;16.4;H
2021-09-30;137461;15.5;H
2021-10-01;129693;16.33;H
2021-10-02;119997;13.58;SA
2021-10-03;116823;8.69;D
2021-10-04;132089;12.97;H
2021-10-05;127871;15.19;H
2021-10-06;130895;10.15;H
2021-10-07;134955;9.16;H
2021-10-08;122879;11.37;F
2021-10-09;113866;13.95;SA
2021-10-10;104857;15.98;D
2021-10-11;108850;17.75;F
2021-10-12;123900;16.95;H
2021-10-13;127482;17.59;H
2021-10-14;128411;15.39;H
2021-10-15;127231;11;H
2021-10-16;115175;12.38;SA
2021-10-17;101831;15.93;D
2021-10-18;120177;16.14;H
2021-10-19;124196;16.24;H
2021-10-20;124717;18.73;H
2021-10-21;125426;21.28;H
2021-10-22;124242;18.1;H
2021-10-23;112085;17.01;SA
2021-10-24;103010;16.68;D
2021-10-25;124005;20.55;H
2021-10-26;141173;27;H
2021-10-27;158812;27.98;H
2021-10-28;170401;28.43;H
2021-10-29;159546;25.54;H
2021-10-30;148590;25.81;SA
2021-10-31;111824;18.69;D
2021-11-01;121203;15.94;H
2021-11-02;125861;20.69;H
2021-11-03;129822;23.55;H
2021-11-04;136511;24.33;H
2021-11-05;123770;14.6;H
2021-11-06;110656;13.13;SA
2021-11-07;102630;18.39;D
2021-11-08;127931;22.03;H
2021-11-09;129071;19.03;H
2021-11-10;126411;18.85;H
2021-11-11;127197;19.56;H
2021-11-12;125845;16.82;H
2021-11-13;117442;20.72;SA
2021-11-14;107880;22.2;D
2021-11-15;140582;24.29;H
2021-11-16;127965;16.49;H
2021-11-17;121564;13.2;H
2021-11-18;124788;17.35;H
2021-11-19;133443;23.04;H
2021-11-20;127896;25.38;F
2021-11-21;138460;28.41;D
2021-11-22;148076;27.23;F
2021-11-23;131178;17.25;H
2021-11-24;150439;23.99;H
2021-11-25;141657;22.47;H
2021-11-26;140086;22.72;H
2021-11-27;129355;23.56;SA
2021-11-28;111690;21.78;D
2021-11-29;124473;20.28;H
2021-11-30;128555;20.42;H
2021-12-01;126619;19.05;H
2021-12-02;131274;21.03;H
2021-12-03;130718;21.75;H
2021-12-04;118961;22.7;SA
2021-12-05;110128;21.65;D
2021-12-06;133418;23.06;H
2021-12-07;142960;24.5;H
2021-12-08;129312;22.78;F
2021-12-09;143667;22.61;H
2021-12-10;139945;23.14;H
2021-12-11;135220;25.3;SA
2021-12-12;132348;26.91;D
2021-12-13;147608;24.03;H
2021-12-14;144746;21.82;H
2021-12-15;142822;24.27;H
2021-12-16;140033;20.77;H
2021-12-17;143009;23.43;H
2021-12-18;135778;23.18;SA
2021-12-19;136501;26.13;D
2021-12-20;167987;27.09;H
2021-12-21;144025;26.16;H
2021-12-22;166335;26.53;H
2021-12-23;166621;26.64;H
2021-12-24;155839;27.68;SA
2021-12-25;138417;27.19;F
2021-12-26;147565;27.93;D
2021-12-27;173408;27.72;H
2021-12-28;177004;29.34;H
2021-12-29;197422;30.58;H
2021-12-30;192247;30.35;H
2021-12-31;166954;29.57;SA
2022-01-01;125825;26.1;F
2022-01-02;135329;28.38;D
2022-01-03;188699;31.5;H
2022-01-04;175436;27.61;H
2022-01-05;134005;18.02;H
2022-01-06;134560;22.12;H
2022-01-07;141137;24.56;H
2022-01-08;133995;25.02;SA
2022-01-09;133191;25.73;D
2022-01-10;178712;29.86;H
2022-01-11;189905;33.75;H
2022-01-12;181760;26.95;H
2022-01-13;187778;29.28;H
2022-01-14;205483;33.34;H
2022-01-15;203086;35.32;SA
2022-01-16;163096;30.38;D
2022-01-17;152817;25.76;H
2022-01-18;139057;25.28;H
2022-01-19;139848;26.28;H
2022-01-20;153497;29.12;H
2022-01-21;161943;29.56;H
2022-01-22;135947;27.21;SA
2022-01-23;118401;26.75;D
2022-01-24;156035;29.58;H
2022-01-25;174122;31.89;H
2022-01-26;154607;26.14;H
2022-01-27;121979;17.33;H
2022-01-28;124414;20.03;H
2022-01-29;124955;24.87;SA
2022-01-30;128067;26.23;D
2022-01-31;138465;21.62;H
2022-02-01;140930;22.35;H
2022-02-02;165837;27.85;H
2022-02-03;152116;25.96;H
2022-02-04;148667;26.29;H
2022-02-05;118901;21.03;SA
2022-02-06;102349;17.24;D
2022-02-07;119900;19.53;H
2022-02-08;126878;20.82;H
2022-02-09;135669;23.62;H
2022-02-10;148609;25.56;H
2022-02-11;144528;23.21;H
2022-02-12;109055;15.95;SA
2022-02-13;102124;18.31;D
2022-02-14;133993;24.2;H
2022-02-15;156957;26.65;H
2022-02-16;178133;29.48;H
2022-02-17;144069;20.12;H
2022-02-18;134257;21.5;H
2022-02-19;134466;25.97;SA
2022-02-20;113690;22.18;D
2022-02-21;128979;22.87;H
2022-02-22;135158;23.4;H
2022-02-23;140334;23.6;H
2022-02-24;134563;23.55;H
2022-02-25;135893;23.93;H
2022-02-26;128914;27.15;SA
2022-02-27;114817;25.9;D
2022-02-28;113747;24.19;F
2022-03-01;110221;20.51;F
2022-03-02;136975;24.45;H
2022-03-03;142177;23.79;H
2022-03-04;145521;27.15;H
2022-03-05;133607;27.34;SA
2022-03-06;123915;26.27;D
2022-03-07;133058;21.87;H
2022-03-08;135301;21.65;H
2022-03-09;130553;20.95;H
2022-03-10;127755;20.42;H
2022-03-11;124134;18.87;H
2022-03-12;112999;18.4;SA
2022-03-13;105547;20.15;D
2022-03-14;129846;21.96;H
2022-03-15;143271;25.53;H
2022-03-16;149688;25.15;H
2022-03-17;160090;28.45;H
2022-03-18;130028;15.37;H
2022-03-19;111855;13.56;SA
2022-03-20;104592;14.84;D
2022-03-21;122777;17.38;H
2022-03-22;127719;22.25;H
2022-03-23;134437;23.24;H
2022-03-24;117660;14;F
2022-03-25;130295;14.6;H
2022-03-26;116796;19.25;SA
2022-03-27;108140;21.39;D
2022-03-28;128465;22.15;H
2022-03-29;132303;21.86;H
2022-03-30;131423;9.4;H
2022-03-31;136022;11.6;H
2022-04-01;133317;13.6;H
2022-04-02;115470;16.35;F
2022-04-03;107613;19.48;D
2022-04-04;126243;13.78;H
2022-04-05;131072;15.75;H
2022-04-06;131320;20.93;H
2022-04-07;131442;22.93;H
2022-04-08;130218;22.33;H
2022-04-09;117483;22.22;SA
2022-04-10;111565;23.38;D
2022-04-11;126461;20.56;H
2022-04-12;127160;15.6;H
2022-04-13;128850;11.65;H
2022-04-14;126792;12.63;SA
2022-04-15;113782;14.72;F
2022-04-16;111341;17.29;SA
2022-04-17;104630;19.31;D
2022-04-18;124066;20.1;H
2022-04-19;128058;21.43;H
2022-04-20;128529;21.21;H
2022-04-21;126522;17.24;H
2022-04-22;132037;13.65;H
2022-04-23;124184;11.89;SA
2022-04-24;110973;16.93;D
2022-04-25;125522;22.21;H
2022-04-26;130257;22.7;H
2022-04-27;124268;17.25;H
2022-04-28;135886;11.07;H
2022-04-29;149678;7.75;H
2022-04-30;144014;10.07;SA
2022-05-01;126967;11.7;F
2022-05-02;154664;10.45;H
2022-05-03;161177;9.9;H
2022-05-04;157552;12.28;H
2022-05-05;148970;14.68;H
2022-05-06;139312;18.39;H
2022-05-07;122017;19.35;SA
2022-05-08;111342;17.83;D
2022-05-09;132696;16.63;H
2022-05-10;138046;16.53;H
2022-05-11;146564;12.21;H
2022-05-12;153989;11.6;H
2022-05-13;149406;14.7;H
2022-05-14;132252;14.33;SA
2022-05-15;136437;9.47;D
2022-05-16;168142;8.8;H
2022-05-17;179616;7.95;H
2022-05-18;156435;9.01;H
2022-05-19;171364;8.85;H
2022-05-20;166992;11.58;H
2022-05-21;142448;14.86;SA
2022-05-22;132687;13.92;D
2022-05-23;147490;15.64;H
2022-05-24;146941;15.87;H
2022-05-25;156663;8.42;F
2022-05-26;179839;8;H
2022-05-27;171953;10.64;H
2022-05-28;162586;9.73;SA
2022-05-29;161945;6.44;D
2022-05-30;197302;3.7;H
2022-05-31;202043;4.03;H
2022-06-01;199982;5.95;H
2022-06-02;198659;5.24;H
2022-06-03;198914;5.37;H
2022-06-04;174315;9.66;SA
2022-06-05;162304;11.05;D
2022-06-06;181203;10.62;H
2022-06-07;187913;9.17;H
2022-06-08;187255;9.47;H
2022-06-09;188259;9.38;H
2022-06-10;203098;3.3;H
2022-06-11;188000;4.39;SA
2022-06-12;169098;7.89;D
2022-06-13;182400;10.2;H
2022-06-14;180917;11.02;H
2022-06-15;175025;12.53;H
2022-06-16;173712;11.89;H
2022-06-17;177239;5.77;F
2022-06-18;176020;5.61;SA
2022-06-19;158067;7.83;D
2022-06-20;167481;8.32;F
2022-06-21;185973;7.49;H
2022-06-22;210272;3.02;H
2022-06-23;209728;5.57;H
2022-06-24;199368;7.63;H
2022-06-25;188170;4.91;SA
2022-06-26;183995;6.48;D
2022-06-27;199390;8.43;H
2022-06-28;194769;9.57;H
2022-06-29;183723;10.09;H
2022-06-30;174323;10.55;H
2022-07-01;191151;7.23;H
2022-07-02;172279;7.86;SA
2022-07-03;170863;6.18;D
2022-07-04;193693;10.2;H
2022-07-05;183333;10.25;H
2022-07-06;190024;10.86;H
2022-07-07;186637;7.27;H
2022-07-08;195329;6.24;H
2022-07-09;160044;13.34;F
2022-07-10;133725;17.43;D
2022-07-11;180444;7.78;H
2022-07-12;195027;5.11;H
2022-07-13;190848;7.34;H
2022-07-14;183613;10.27;H
2022-07-15;189328;9.3;H
2022-07-16;183305;6.14;SA
2022-07-17;172750;5.22;D
2022-07-18;185885;8.33;H
2022-07-19;185706;6.84;H
2022-07-20;171489;12.02;H
2022-07-21;162438;12.4;H
2022-07-22;166470;11.36;H
2022-07-23;151463;14.9;SA
2022-07-24;136061;13.96;D
2022-07-25;162859;14.26;H
2022-07-26;148113;19.27;H
2022-07-27;144271;18.05;H
2022-07-28;157919;8.78;H
2022-07-29;167006;9.63;H
2022-07-30;145252;11.82;SA
2022-07-31;133529;12.9;D
2022-08-01;153412;12.35;H
2022-08-02;160266;11.88;H
2022-08-03;166733;11.21;H
2022-08-04;179587;7.07;H
2022-08-05;174835;8.21;H
2022-08-06;157104;8.49;SA
2022-08-07;150048;8.43;D
2022-08-08;178199;7.75;H
2022-08-09;180373;9.65;H
2022-08-10;176001;9.25;H
2022-08-11;167945;10.89;H
2022-08-12;155726;13.19;H
2022-08-13;128439;16.81;SA
2022-08-14;111523;17.58;D
2022-08-15;121643;12.44;F
2022-08-16;156023;10.1;H
2022-08-17;168896;9.15;H
2022-08-18;183591;4.85;H
2022-08-19;177263;6.85;H
2022-08-20;152611;9.14;SA
2022-08-21;138235;10.67;D
2022-08-22;160996;9.79;H
2022-08-23;157309;13.06;H
2022-08-24;144121;13.68;H
2022-08-25;132532;15.45;H
2022-08-26;127742;19.03;H
2022-08-27;121074;14.2;SA
2022-08-28;142353;5.22;D
2022-08-29;165305;7.55;H
2022-08-30;159532;10.68;H
2022-08-31;144405;13.57;H
2022-09-01;143683;16.9;H
2022-09-02;144763;7.62;F
2022-09-03;136428;10.11;SA
2022-09-04;123174;12.14;D
2022-09-05;135771;14.18;H
2022-09-06;135279;14.37;H
2022-09-07;129214;17.52;H
2022-09-08;130406;16.74;H
2022-09-09;154257;6.23;H
2022-09-10;142043;9.47;SA
2022-09-11;128820;10.3;D
2022-09-12;138999;12.5;H
2022-09-13;140778;13.33;H
2022-09-14;137873;14.12;H
2022-09-15;133976;15.17;H
2022-09-16;130106;16.09;H
2022-09-17;114452;16.7;SA
2022-09-18;104424;18.15;D
2022-09-19;122662;17.53;H
2022-09-20;134121;10.41;H
2022-09-21;137070;10.92;H
2022-09-22;139282;10.43;H
2022-09-23;138285;10.44;H
2022-09-24;117369;15.48;SA
2022-09-25;107106;15.22;D
2022-09-26;122544;17.6;H
2022-09-27;124128;16.97;H
2022-09-28;129142;10.04;H
2022-09-29;133641;10.11;H
2022-09-30;129773;14.65;H
2022-10-01;114423;17.04;SA
2022-10-02;104158;18.6;D
2022-10-03;123892;12.53;H
2022-10-04;129515;12.93;H
2022-10-05;126861;16.35;H
2022-10-06;124563;16.96;H
2022-10-07;111730;18.63;F
2022-10-08;109346;11.83;SA
2022-10-09;111669;10.27;D
2022-10-10;109461;12.85;F
2022-10-11;124523;13.81;H
2022-10-12;126228;18.2;H
2022-10-13;124459;11.15;H
2022-10-14;129096;10.77;H
2022-10-15;124436;12.25;SA
2022-10-16;110158;12.95;D
2022-10-17;125788;14.5;H
2022-10-18;127153;16.71;H
2022-10-19;126134;19.28;H
2022-10-20;126650;22.47;H
2022-10-21;125259;19.26;H
2022-10-22;119807;10.81;SA
2022-10-23;112224;12.35;D
2022-10-24;124620;19.04;H
2022-10-25;127627;20.78;H
2022-10-26;126528;20.15;H
2022-10-27;126507;18.03;H
2022-10-28;134295;23.84;H
2022-10-29;125164;23.98;SA
2022-10-30;108743;13.91;D
2022-10-31;130496;8.99;H
2022-11-01;130692;13.27;H
2022-11-02;126799;17.83;H
2022-11-03;127146;18.8;H
2022-11-04;125130;18;H
2022-11-05;112261;18;SA
2022-11-06;104080;19.52;D
2022-11-07;124321;19.43;H
2022-11-08;126522;19.61;H
2022-11-09;129387;20.44;H
2022-11-10;132206;22.33;H
2022-11-11;138214;24.36;H
2022-11-12;125610;24.78;SA
2022-11-13;115245;24.14;D
2022-11-14;122295;17.8;H
2022-11-15;135064;22.6;H
2022-11-16;156114;26.81;H
2022-11-17;159049;25.19;H
2022-11-18;159692;26.52;H
2022-11-19;151592;27.75;SA
2022-11-20;130156;25.04;F
2022-11-21;108201;16.59;F
2022-11-22;118273;17.3;H
2022-11-23;132910;20.46;H
2022-11-24;162468;26.42;H
2022-11-25;149820;21.18;H
2022-11-26;145499;26.38;SA
2022-11-27;146362;27.9;D
2022-11-28;177358;27.55;H
2022-11-29;186798;28.77;H
2022-11-30;176766;26.96;H
2022-12-01;138815;20.81;H
2022-12-02;136717;20.31;H
2022-12-03;128580;22.3;SA
2022-12-04;136797;27.04;D
2022-12-05;185025;29.89;H
2022-12-06;198343;30.35;H
2022-12-07;200576;31.14;H
2022-12-08;177980;31.06;F
2022-12-09;185286;32.28;F
2022-12-10;152972;27.14;SA
2022-12-11;169040;31.01;D
2022-12-12;150966;20.47;H
2022-12-13;144428;21.61;H
2022-12-14;171675;25.97;H
2022-12-15;159802;22.9;H
2022-12-16;136367;19;H
2022-12-17;120630;19.89;SA
2022-12-18;116259;21.85;D
2022-12-19;151808;24.24;H
2022-12-20;152247;25.74;F
2022-12-21;165844;25.39;H
2022-12-22;174618;26.63;H
2022-12-23;163365;26.57;H
2022-12-24;117574;19.64;SA
2022-12-25;93491;17.75;F
2022-12-26;127863;22.56;H
2022-12-27;149865;25.31;H
2022-12-28;155297;25.1;H
2022-12-29;148554;24.11;H
2022-12-30;168223;28.02;H
2022-12-31;148330;24.79;SA
2023-01-01;111385;24.1;F
2023-01-02;127810;22.89;H
2023-01-03;144275;24.58;H
2023-01-04;146613;23.36;H
2023-01-05;152966;25.42;H
2023-01-06;170428;28.56;H
2023-01-07;154886;26.94;SA
2023-01-08;148060;26.8;D
2023-01-09;169224;26.98;H
2023-01-10;176281;27.68;H
2023-01-11;161136;27.28;H
2023-01-12;146913;24.48;H
2023-01-13;149273;24.14;H
2023-01-14;143467;25.91;SA
2023-01-15;151226;27.62;D
2023-01-16;190108;30.15;H
2023-01-17;195852;29.6;H
2023-01-18;179515;27.66;H
2023-01-19;185245;28.96;H
2023-01-20;179854;28.85;H
2023-01-21;148484;28.79;SA
2023-01-22;149105;28.6;D
2023-01-23;175343;28.03;H
2023-01-24;182878;29.04;H
2023-01-25;184487;28.95;H
2023-01-26;189788;29.75;H
2023-01-27;162170;26.89;H
2023-01-28;149889;29.08;SA
2023-01-29;142223;26.9;D
2023-01-30;162480;26.33;H
2023-01-31;179034;29.25;H
2023-02-01;167781;27.17;H
2023-02-02;153624;25.88;H
2023-02-03;143928;24.18;H
2023-02-04;127435;23.57;SA
2023-02-05;131260;26.5;D
2023-02-06;174707;28.57;H
2023-02-07;196726;31.13;H
2023-02-08;188716;29.7;H
2023-02-09;195453;30.84;H
2023-02-10;207621;32.23;H
2023-02-11;200835;34.1;SA
2023-02-12;202097;34.2;D
2023-02-13;196067;28.98;H
2023-02-14;185806;28.98;H
2023-02-15;171952;25.55;H
2023-02-16;147986;20.61;H
2023-02-17;119971;8.38;H
2023-02-18;109360;13.61;SA
2023-02-19;99947;18.43;D
2023-02-20;106354;21.66;F
2023-02-21;119922;24.37;F
2023-02-22;157655;27.83;H
2023-02-23;165946;28.17;H
2023-02-24;169244;28.08;H
2023-02-25;151865;27.19;SA
2023-02-26;126889;22.9;D
2023-02-27;152152;24.3;H
2023-02-28;188321;30.95;H
2023-03-01;198522;31.69;H
2023-03-02;216460;32.85;H
2023-03-03;218510;32.18;H
2023-03-04;192501;30.88;SA
2023-03-05;171897;29.82;D
2023-03-06;205518;30.07;H
2023-03-07;199324;29.02;H
2023-03-08;205353;30.99;H
2023-03-09;199352;29.72;H
2023-03-10;215931;33.35;H
2023-03-11;211778;35.51;SA
2023-03-12;206977;34.3;D
2023-03-13;227195;32.97;H
2023-03-14;230094;34.63;H
2023-03-15;210113;31.68;H
2023-03-16;200077;31.5;H
2023-03-17;206023;32.6;H
2023-03-18;176251;28.97;SA
2023-03-19;165529;31.02;D
2023-03-20;146975;22.87;H
2023-03-21;136525;21.98;H
2023-03-22;134736;22.53;H
2023-03-23;148686;27.18;H
2023-03-24;131790;24.98;F
2023-03-25;128926;26.09;SA
2023-03-26;106478;18.2;D
2023-03-27;125913;21.59;H
2023-03-28;141947;25.6;H
2023-03-29;139907;23.49;H
2023-03-30;127423;18.66;H
2023-03-31;125403;18.55;H
2023-04-01;110729;15.01;SA
2023-04-02;103561;18.55;F
2023-04-03;123041;19.73;H
2023-04-04;126771;20.07;H
2023-04-05;127566;21.83;H
2023-04-06;122852;21.63;SA
2023-04-07;110425;22.62;F
2023-04-08;109461;22.54;SA
2023-04-09;105565;22.45;D
2023-04-10;129449;23.3;H
2023-04-11;137981;25.1;H
2023-04-12;128890;17.8;H
2023-04-13;126004;12.5;H
2023-04-14;128328;12.85;H
2023-04-15;116895;15.98;SA
2023-04-16;110102;16.04;D
2023-04-17;127463;15.95;H
2023-04-18;139216;11.4;H
2023-04-19;144113;12.3;H
2023-04-20;141320;13.73;H
2023-04-21;135940;15.96;H
2023-04-22;119506;17.66;SA
2023-04-23;110295;18.86;D
2023-04-24;126827;19.68;H
2023-04-25;129163;21.34;H
2023-04-26;130227;20.53;H
2023-04-27;128961;19.7;H
2023-04-28;127306;19.72;H
2023-04-29;113907;19.37;SA
2023-04-30;105968;18.59;D
2023-05-01;107864;12.23;F
2023-05-02;135848;11.54;H
2023-05-03;143550;12.7;H
2023-05-04;140878;15.3;H
2023-05-05;136427;17.67;H
2023-05-06;123437;18.33;SA
2023-05-07;113500;17.45;D
2023-05-08;133323;15.34;H
2023-05-09;140103;14.27;H
2023-05-10;141772;13.84;H
2023-05-11;147976;11.03;H
2023-05-12;148716;12.39;H
2023-05-13;127262;16.8;SA
2023-05-14;113341;19.08;D
2023-05-15;127979;19.53;H
2023-05-16;130638;19.82;H
2023-05-17;129607;19.22;H
2023-05-18;129372;17.41;H
2023-05-19;141158;14.61;H
2023-05-20;136802;11.93;SA
2023-05-21;131528;16.16;D
2023-05-22;137818;19.39;H
2023-05-23;135777;21.03;H
2023-05-24;133127;22.09;H
2023-05-25;120917;21.16;F
2023-05-26;117606;18.9;F
2023-05-27;132687;8.98;SA
2023-05-28;145034;7.56;D
2023-05-29;170277;8.8;H
2023-05-30;170080;11.33;H
2023-05-31;157022;13.75;H
2023-06-01;143178;18.49;H
2023-06-02;134690;20.47;H
2023-06-03;119674;19.64;SA
2023-06-04;117993;14.94;D
2023-06-05;155960;10.02;H
2023-06-06;155835;15.93;H
2023-06-07;141663;18.54;H
2023-06-08;136201;22.63;H
2023-06-09;136314;15.65;H
2023-06-10;154915;7.43;SA
2023-06-11;164005;4.18;D
2023-06-12;193885;4.45;H
2023-06-13;197018;5.6;H
2023-06-14;195957;6.18;H
2023-06-15;192248;8.46;H
2023-06-16;185656;10.97;H
2023-06-17;170958;7.11;F
2023-06-18;167299;5.35;D
2023-06-19;169325;9.51;F
2023-06-20;171522;9.86;F
2023-06-21;180270;12.89;H
2023-06-22;184020;11.06;H
2023-06-23;185967;9.9;H
2023-06-24;165334;13.5;SA
2023-06-25;145169;13.73;D
2023-06-26;155572;15.63;H
2023-06-27;168232;10.47;H
2023-06-28;176714;9.13;H
2023-06-29;183520;8.73;H
2023-06-30;178903;10.32;H
2023-07-01;155938;12.51;SA
2023-07-02;140765;13.97;D
2023-07-03;147602;16.81;H
2023-07-04;141054;20.48;H
2023-07-05;140074;16.58;H
2023-07-06;150327;12.58;H
2023-07-07;165553;9.7;H
2023-07-08;161060;10.46;SA
2023-07-09;145633;14.6;F
2023-07-10;160909;11.94;H
2023-07-11;182419;8.75;H
2023-07-12;203355;6.97;H
2023-07-13;201176;5.7;H
2023-07-14;205734;4.49;H
2023-07-15;183351;8.76;SA
2023-07-16;174460;5.43;D
2023-07-17;203943;3.13;H
2023-07-18;208064;3.63;H
2023-07-19;208124;5.68;H
2023-07-20;186364;10.52;H
2023-07-21;153627;18.57;H
2023-07-22;119736;22.04;SA
2023-07-23;126423;9.96;D
2023-07-24;176037;7.76;H
2023-07-25;180315;10.49;H
2023-07-26;172209;11.23;H
2023-07-27;181179;7.94;H
2023-07-28;176677;9.25;H
2023-07-29;160363;10.14;SA
2023-07-30;139593;13.81;D
2023-07-31;147782;15.55;H
2023-08-01;136941;22.1;H
2023-08-02;130107;20.84;H
2023-08-03;155156;8.59;H
2023-08-04;158276;10.75;H
2023-08-05;148875;10;SA
2023-08-06;129445;16.63;D
2023-08-07;169031;5.98;H
2023-08-08;180458;8.11;H
2023-08-09;167291;12.67;H
2023-08-10;155038;14.93;H
2023-08-11;157347;9.48;H
2023-08-12;166563;4.99;SA
2023-08-13;157503;6.69;D
2023-08-14;157841;13.23;H
2023-08-15;138352;16.66;H
2023-08-16;132241;21.27;H
2023-08-17;146063;14.21;H
2023-08-18;154244;11.78;H
2023-08-19;163170;7.37;SA
2023-08-20;155261;6.87;D
2023-08-21;152747;11.13;F
2023-08-22;155146;11.73;H
2023-08-23;170674;10.44;H
2023-08-24;168784;10.35;H
2023-08-25;165966;8.92;H
2023-08-26;155737;7.66;SA
2023-08-27;149702;7.4;D
2023-08-28;172618;7.51;H
2023-08-29;163638;11.29;H
2023-08-30;151350;13.63;H
2023-08-31;149292;11.28;H
2023-09-01;142370;15.78;H
2023-09-02;135665;11.96;SA
2023-09-03;158676;7.67;D
2023-09-04;180606;7.79;H
2023-09-05;185037;6.33;H
2023-09-06;190143;5.87;H
2023-09-07;175555;13.1;H
2023-09-08;159138;11.89;H
2023-09-09;134102;14.03;SA
2023-09-10;117698;15.73;D
2023-09-11;136931;15.99;H
2023-09-12;147687;10.92;H
2023-09-13;146088;11.91;H
2023-09-14;146471;11.92;H
2023-09-15;135994;15.75;H
2023-09-16;115005;18.16;SA
2023-09-17;113498;14.36;D
2023-09-18;139342;9.89;H
2023-09-19;149347;10.82;H
2023-09-20;147048;13.7;H
2023-09-21;137964;19.38;H
2023-09-22;141828;12.65;H
2023-09-23;136058;12.9;SA
2023-09-24;126574;13.06;D
2023-09-25;142712;9.58;H
2023-09-26;154427;11.38;H
2023-09-27;145150;13.11;H
2023-09-28;135939;14.44;H
2023-09-29;131595;14.55;H
2023-09-30;125494;10;SA
2023-10-01;117751;12.27;D
2023-10-02;133412;12.87;H
2023-10-03;134678;15.65;H
2023-10-04;128689;13.05;H
2023-10-05;127222;14.73;H
2023-10-06;124985;17.3;H
2023-10-07;111586;15.56;SA
2023-10-08;104266;19;D
2023-10-09;123835;21.23;H
2023-10-10;129372;20.25;H
2023-10-11;129129;9.45;H
2023-10-12;136311;8.72;H
2023-10-13;119148;12.4;F
2023-10-14;110369;15.04;SA
2023-10-15;99714;17.61;D
2023-10-16;105740;21.7;F
2023-10-17;122376;11.68;H
2023-10-18;128837;12.14;H
2023-10-19;126943;15.21;H
2023-10-20;124208;18.7;H
2023-10-21;112674;21.3;SA
2023-10-22;106838;23.1;D
2023-10-23;123362;17.91;H
2023-10-24;126953;15.55;H
2023-10-25;125169;14.56;H
2023-10-26;124344;17.05;H
2023-10-27;125026;21.07;H
2023-10-28;119005;24.08;SA
2023-10-29;108826;21.6;D
2023-10-30;120579;13.63;H
2023-10-31;132787;11.18;H
2023-11-01;141712;8.39;H
2023-11-02;150669;12.25;H
2023-11-03;144994;12.67;H
2023-11-04;122709;16.2;SA
2023-11-05;105909;18.48;D
2023-11-06;124340;20.85;H
2023-11-07;138594;24.73;H
2023-11-08;133041;21.23;H
2023-11-09;128765;17.68;H
2023-11-10;126628;16.1;H
2023-11-11;118419;23.06;SA
2023-11-12;107652;20.35;D
2023-11-13;120904;14.54;H
2023-11-14;126421;18.94;H
2023-11-15;133582;22.9;H
2023-11-16;130144;19.68;H
2023-11-17;132978;20.57;H
2023-11-18;111958;16.71;SA
2023-11-19;105281;19.27;D
2023-11-20;120019;23.06;F
2023-11-21;135288;23.39;H
2023-11-22;131673;19.93;H
2023-11-23;140807;22.57;H
2023-11-24;133661;19.21;H
2023-11-25;123919;21.27;SA
2023-11-26;126133;24.56;D
2023-11-27;158137;26.52;H
2023-11-28;172588;28;H
2023-11-29;153412;23.88;H
2023-11-30;153878;25.53;H
2023-12-01;150801;25.22;H
2023-12-02;135116;25.27;SA
2023-12-03;106398;14.24;D
2023-12-04;120635;15.88;H
2023-12-05;125148;19.09;H
2023-12-06;130221;23.9;H
2023-12-07;127680;19.22;H
2023-12-08;115325;21.6;F
2023-12-09;112295;20.98;SA
2023-12-10;116173;23.86;D
2023-12-11;149454;25.12;H
2023-12-12;176193;28.16;H
2023-12-13;183574;29.79;H
2023-12-14;175692;27.65;H
2023-12-15;185567;30.89;H
2023-12-16;173141;28.88;SA
2023-12-17;108819;23.95;D
2023-12-18;114473;18.52;H
2023-12-19;114108;14.59;H
2023-12-20;122497;20.2;H
2023-12-21;137587;25.51;H
2023-12-22;141702;25.02;H
2023-12-23;146926;28.7;SA
2023-12-24;127172;24.78;D
2023-12-25;107396;22.42;F
2023-12-26;126635;19.93;H
2023-12-27;143607;23.88;H
2023-12-28;158863;27.63;H
2023-12-29;144415;22.84;H
2023-12-30;115514;19.45;SA
2023-12-31;115393;23.07;D
2024-01-01;117032;25.27;F
2024-01-02;146647;25.87;H
2024-01-03;152346;25.77;H
2024-01-04;154933;26.2;H
2024-01-05;164900;27.99;H
2024-01-06;152733;29.14;SA
2024-01-07;139750;27.18;D
2024-01-08;151945;27.55;H
2024-01-09;176498;30.28;H
2024-01-10;179095;29.83;H
2024-01-11;152294;24.08;H
2024-01-12;133432;21.14;H
2024-01-13;135432;25.87;SA
2024-01-14;139035;27.88;D
2024-01-15;159045;26.47;H
2024-01-16;143177;24.28;H
2024-01-17;147936;25.69;H
2024-01-18;160417;27.87;H
2024-01-19;156492;25.97;H
2024-01-20;128484;22.38;SA
2024-01-21;118956;23.08;D
2024-01-22;143975;24.54;H
2024-01-23;150568;24.37;H
2024-01-24;151323;24.4;H
2024-01-25;161984;26.4;H
2024-01-26;164237;26.35;H
2024-01-27;150042;26.19;SA
2024-01-28;142941;26.67;D
2024-01-29;175330;28.72;H
2024-01-30;193865;31;H
2024-01-31;207852;32.5;H
2024-02-01;219640;33.86;H
2024-02-02;216828;32.21;H
2024-02-03;191510;31.1;SA
2024-02-04;134867;21.02;D
2024-02-05;168013;27.33;H
2024-02-06;190711;30.87;H
2024-02-07;195648;33.28;H
2024-02-08;193393;31.77;H
2024-02-09;169949;29.68;H
2024-02-10;158253;32.19;SA
2024-02-11;162160;32.38;D
2024-02-12;137029;26.18;F
2024-02-13;102946;17.22;F
2024-02-14;122134;20.69;H
2024-02-15;134561;23.66;H
2024-02-16;144359;25.71;H
2024-02-17;141377;26.73;SA
2024-02-18;141879;28.98;D
2024-02-19;165430;27.83;H
2024-02-20;177433;28.68;H
2024-02-21;184374;29.58;H
2024-02-22;189107;29.46;H
2024-02-23;169934;27.04;H
2024-02-24;138703;23.66;SA
2024-02-25;119956;23.61;D
2024-02-26;138921;24.8;H
2024-02-27;155218;27.88;H
2024-02-28;173478;28.98;H
2024-02-29;173318;28.33;H
2024-03-01;156811;27.27;H
2024-03-02;148619;28.88;SA
2024-03-03;112244;19.1;D
2024-03-04;130035;20.42;H
2024-03-05;128861;18.74;H
2024-03-06;129533;20.53;H
2024-03-07;141931;24.35;H
2024-03-08;153547;26.82;H
2024-03-09;144679;28.61;SA
2024-03-10;127116;25.15;D
2024-03-11;138422;23.77;H
2024-03-12;125814;21.01;H
2024-03-13;131376;25.53;H
2024-03-14;133285;25.4;H
2024-03-15;138421;26.44;H
2024-03-16;132835;28.67;SA
2024-03-17;119174;24.82;D
2024-03-18;143716;26.57;H
2024-03-19;148359;26.81;H
2024-03-20;134912;23.9;H
2024-03-21;120334;16.22;H
2024-03-22;119448;16.32;H
2024-03-23;110432;19.94;SA
2024-03-24;112619;26.08;F
2024-03-25;132288;22.99;H
2024-03-26;131726;22.36;H
2024-03-27;135746;24.16;H
2024-03-28;134821;25.63;SA
2024-03-29;123725;26.04;F
2024-03-30;131990;27.06;SA
2024-03-31;104528;18.96;D
2024-04-01;99568;17.34;F
2024-04-02;101742;17.45;F
2024-04-03;118139;18.7;H
2024-04-04;121733;18.86;H
2024-04-05;123672;21.53;H
2024-04-06;110762;20.89;SA
2024-04-07;105546;22.27;D
2024-04-08;124995;23.07;H
2024-04-09;129641;23.64;H
2024-04-10;120590;13.41;H
2024-04-11;122659;12.35;H
2024-04-12;123199;15.98;H
2024-04-13;114040;16.85;SA
2024-04-14;107740;22.03;D
2024-04-15;125653;23.78;H
2024-04-16;126885;17.73;H
2024-04-17;125697;16.55;H
2024-04-18;123506;16.98;H
2024-04-19;122312;20.49;H
2024-04-20;111118;23.52;SA
2024-04-21;104304;21.49;D
2024-04-22;121728;18.88;H
2024-04-23;123077;19.11;H
2024-04-24;125857;13.4;H
2024-04-25;130270;15.88;H
2024-04-26;129564;19.2;H
2024-04-27;120876;12.61;SA
2024-04-28;117482;12.06;D
2024-04-29;132491;16.04;H
2024-04-30;128775;20.69;H
2024-05-01;116583;13.49;F
2024-05-02;138798;9.83;H
2024-05-03;146768;9.85;H
2024-05-04;130579;14.2;SA
2024-05-05;113261;20.54;D
2024-05-06;127001;20.75;H
2024-05-07;129937;19.7;H
2024-05-08;132672;14.21;H
2024-05-09;142398;9.47;H
2024-05-10;146314;12.15;H
2024-05-11;135934;11.57;SA
2024-05-12;144316;8.37;D
2024-05-13;170126;6.53;H
2024-05-14;176588;6.97;H
2024-05-15;174186;8.8;H
2024-05-16;164492;11.34;H
2024-05-17;169762;8.36;H
2024-05-18;162670;7.43;SA
2024-05-19;159578;7.33;D
2024-05-20;173831;8.98;H
2024-05-21;170272;12.64;H
2024-05-22;167798;9.6;H
2024-05-23;172637;8.55;H
2024-05-24;181295;3.56;H
2024-05-25;170118;2.48;F
2024-05-26;170357;4.8;D
2024-05-27;191198;4.79;H
2024-05-28;184224;7.99;H
2024-05-29;170133;10.77;H
2024-05-30;156898;12.93;H
2024-05-31;151589;12.05;H
2024-06-01;153000;16.83;SA
2024-06-02;153000;10.33;D
2024-06-03;177171;5.79;H
2024-06-04;183113;8.25;H
2024-06-05;169513;13.04;H
2024-06-06;149098;16.16;H
2024-06-07;138316;17.35;H
2024-06-08;120064;21.35;SA
2024-06-09;107129;22.19;D
2024-06-10;127937;14.73;H
2024-06-11;141094;14.48;H
2024-06-12;135927;19.73;H
2024-06-13;126111;24.07;H
2024-06-14;123427;19.37;H
2024-06-15;118371;14.63;SA
2024-06-16;118697;13.12;D
2024-06-17;128158;13.88;F
2024-06-18;137476;16.62;H
2024-06-19;136250;15.25;H
2024-06-20;134318;10.39;F
2024-06-21;130850;16.67;F
2024-06-22;122449;17.48;SA
2024-06-23;130702;9.93;D
2024-06-24;173423;6.08;H
2024-06-25;187203;6.77;H
2024-06-26;186054;7.23;H
2024-06-27;175370;10.34;H
2024-06-28;178837;6.58;H
2024-06-29;182465;2.1;SA
2024-06-30;175113;4.74;D
2024-07-01;179161;9.49;H
2024-07-02;171415;10.89;H
2024-07-03;180816;7.19;H
2024-07-04;191311;5.13;H
2024-07-05;201804;2.74;H
2024-07-06;191305;2.93;SA
2024-07-07;179001;4.61;D
2024-07-08;203869;1.7;H
2024-07-09;196366;0.94;F
2024-07-10;212245;1.95;H
2024-07-11;211497;3.26;H
2024-07-12;203970;4.68;H
2024-07-13;184020;4.55;SA
2024-07-14;175186;4.92;D
2024-07-15;190568;9.19;H
2024-07-16;183411;8.35;H
2024-07-17;188156;10.15;H
2024-07-18;155529;10.76;H
2024-07-19;165090;7.64;H
2024-07-20;171724;5.55;SA
2024-07-21;151703;10.7;D
2024-07-22;165956;11.82;H
2024-07-23;168733;12.1;H
2024-07-24;155993;17.12;H
2024-07-25;149423;13.14;H
2024-07-26;147719;11.62;H
2024-07-27;139277;11.19;SA
2024-07-28;146465;7.6;D
2024-07-29;181886;4.43;H
2024-07-30;188016;6.4;H
2024-07-31;170429;12.43;H
2024-08-01;141091;19.4;H
2024-08-02;125727;23;H
2024-08-03;113961;15.58;SA
2024-08-04;124512;10.82;D
2024-08-05;152112;12.8;H
2024-08-06;146022;17.34;H
2024-08-07;158155;8.6;H
2024-08-08;183752;5.26;H
2024-08-09;186144;4.7;H
2024-08-10;165825;7.37;SA
2024-08-11;148281;8.62;D
2024-08-12;177886;6.16;H
2024-08-13;169525;9.55;H
2024-08-14;157378;11.66;H
2024-08-15;147797;13.2;H
2024-08-16;164133;7.51;H
2024-08-17;145495;10.83;F
2024-08-18;138828;12.65;D
2024-08-19;166131;9.4;H
2024-08-20;186040;5.59;H
2024-08-21;180610;10.3;H
2024-08-22;187171;6.6;H
2024-08-23;183135;5.89;H
2024-08-24;166442;7.1;SA
2024-08-25;161628;5.96;D
2024-08-26;176049;6.45;H
2024-08-27;165222;10.52;H
2024-08-28;156322;11.25;H
2024-08-29;151531;12.56;H
2024-08-30;171095;8.63;H
2024-08-31;169150;7.86;SA
2024-09-01;154225;9.91;D
2024-09-02;159582;11.16;H
2024-09-03;146640;13.79;H
2024-09-04;142639;12.91;H
2024-09-05;146588;9.66;H
2024-09-06;140352;13.4;H
2024-09-07;119695;15.21;SA
2024-09-08;109918;13.75;D
2024-09-09;130851;15.08;H
2024-09-10;133383;16.79;H
2024-09-11;134299;13.22;H
2024-09-12;134703;12.9;H
2024-09-13;131465;14.37;H
2024-09-14;119761;12.07;SA
2024-09-15;114052;11.78;D
2024-09-16;125429;17.59;H
2024-09-17;124577;17.36;H
2024-09-18;124204;20.07;H
2024-09-19;123554;19.92;H
2024-09-20;122498;16.78;H
2024-09-21;110934;17.46;SA
2024-09-22;104054;18.74;D
2024-09-23;121824;14.4;H
2024-09-24;124921;13.38;H
2024-09-25;125245;15.51;H
2024-09-26;125608;12.93;H
2024-09-27;124033;14.28;H
2024-09-28;110394;19.02;SA
2024-09-29;103226;21.98;D
2024-09-30;125248;25.14;H
2024-10-01;122108;16.49;H
2024-10-02;122033;13.72;H
2024-10-03;122469;12.78;H
2024-10-04;121225;14.84;H
2024-10-05;109315;18.59;SA
2024-10-06;101754;17.58;D
2024-10-07;119729;18.53;H
2024-10-08;123241;16.6;H
2024-10-09;122867;15.26;H
2024-10-10;120861;18.05;H
2024-10-11;109088;22.12;F
2024-10-12;101869;18.45;F
2024-10-13;99822;19.27;D
2024-10-14;119130;18.68;H
2024-10-15;123724;21.63;H
2024-10-16;125679;20.82;H
2024-10-17;124815;20.85;H
2024-10-18;124235;20.43;H
2024-10-19;116096;23.1;SA
2024-10-20;112521;24.19;D
2024-10-21;154876;29.22;H
2024-10-22;149432;23.45;H
2024-10-23;131532;21.85;H
2024-10-24;125610;17.25;H
2024-10-25;121922;15.36;H
2024-10-26;109833;15.53;SA
2024-10-27;102482;20.28;D
2024-10-28;130054;23.58;H
2024-10-29;145088;25.71;H
2024-10-30;150205;25.47;H
2024-10-31;149792;25.42;H
2024-11-01;160335;27.23;H
2024-11-02;128755;23.74;SA
2024-11-03;107278;19;D
2024-11-04;125316;20.47;H
2024-11-05;126021;18.31;H
2024-11-06;129435;20.2;H
2024-11-07;128754;18.85;H
2024-11-08;127244;19.26;H
2024-11-09;122552;23.03;SA
2024-11-10;119640;23.28;D
2024-11-11;121607;15.92;H
2024-11-12;123358;16.66;H
2024-11-13;128531;20.44;H
2024-11-14;140139;23.79;H
2024-11-15;154030;26.05;H
2024-11-16;154623;28.98;SA
2024-11-17;111218;16.38;D
2024-11-18;105972;17.05;F
2024-11-19;120204;18.33;H
2024-11-20;129680;21.29;H
2024-11-21;133489;21.49;H
2024-11-22;137226;22.6;H
2024-11-23;128127;23.66;SA
2024-11-24;133973;27;D
2024-11-25;154871;26.85;H
2024-11-26;150976;25.92;H
2024-11-27;141820;23.9;H
2024-11-28;143682;24.15;H
2024-11-29;141038;23.08;H
2024-11-30;124782;21.18;SA
2024-12-01;108237;20.05;D
2024-12-02;120083;16.44;H
2024-12-03;120748;15.31;H
2024-12-04;128105;19.62;H
2024-12-05;146349;24.4;H
2024-12-06;143071;23.28;H
2024-12-07;110967;14.68;SA
2024-12-08;100295;15.69;F
2024-12-09;122420;18.84;H
2024-12-10;139671;23.27;H
2024-12-11;153485;24.77;H
2024-12-12;167429;27.13;H
2024-12-13;156166;25.06;H
2024-12-14;132153;23.21;SA
2024-12-15;115273;21.71;D
2024-12-16;133619;20.55;H
2024-12-17;145350;23.72;H
2024-12-18;153307;24.96;H
2024-12-19;155048;25.45;H
2024-12-20;152238;25.57;H
2024-12-21;116376;17.62;SA
2024-12-22;112209;20.69;D
2024-12-23;140687;24.26;H
2024-12-24;120026;21.67;H
2024-12-25;92291;17.53;F
2024-12-26;117185;20.68;H
2024-12-27;129177;22.88;H
2024-12-28;124611;22.88;SA
2024-12-29;116029;22.66;D
2024-12-30;136627;24.45;H
2024-12-31;136244;26.06;H
2025-01-01;134397;28.97;F
2025-01-02;148373;25.7;H
2025-01-03;135141;22.03;H
2025-01-04;121447;21.13;SA
2025-01-05;115525;22.31;D
2025-01-06;133816;22.4;H
2025-01-07;145155;25.05;H
2025-01-08;153589;26.04;H
2025-01-09;159571;26.24;H
2025-01-10;161716;26.98;H
2025-01-11;143792;25.81;SA
2025-01-12;136860;26.43;D
2025-01-13;165945;27.28;H
2025-01-14;175509;28.3;H
2025-01-15;185430;29.7;H
2025-01-16;198038;31.46;H
2025-01-17;189041;29.15;H
2025-01-18;154115;27.13;SA
2025-01-19;126101;24.88;D
2025-01-20;133374;22.95;H
2025-01-21;148092;25.89;H
2025-01-22;179252;30.71;H
2025-01-23;198984;31.67;H
2025-01-24;188388;30.5;H
2025-01-25;157796;26.51;SA
2025-01-26;148935;26.75;D
2025-01-27;172761;27.08;H
2025-01-28;175738;28.85;H
2025-01-29;175204;27.53;H
2025-01-30;177161;27.6;H
2025-01-31;173835;27.3;H
2025-02-01;166255;28.98;SA
2025-02-02;168671;30.77;D
2025-02-03;210466;33.21;H
2025-02-04;188976;28.91;H
2025-02-05;156861;25.93;H
2025-02-06;154205;25.91;H
2025-02-07;170453;28.18;H
2025-02-08;170349;29.99;SA
2025-02-09;144970;25.19;D
2025-02-10;197804;32.67;H
2025-02-11;159329;25.24;H
2025-02-12;143840;24.25;H
2025-02-13;148589;25.27;H
2025-02-14;144338;23.83;H
2025-02-15;132508;26.26;SA
2025-02-16;136768;28.16;D
2025-02-17;157381;26.41;H
2025-02-18;126136;16.53;H
2025-02-19;138170;23.09;H
2025-02-20;168059;28.72;H
2025-02-21;201948;32.73;H
2025-02-22;169279;29.29;SA
2025-02-23;164094;30.23;D
2025-02-24;163522;27.7;H
2025-02-25;156061;28.49;H
2025-02-26;154835;26.05;H
2025-02-27;156353;27.6;H
2025-02-28;165598;29.71;H
2025-03-01;142126;28.26;SA
2025-03-02;123767;25.89;D
2025-03-03;119565;27.1;F
2025-03-04;128019;27.38;F
2025-03-05;187506;34.42;H
2025-03-06;219323;35.78;H
2025-03-07;222216;34.07;H
2025-03-08;127855;20.73;SA
2025-03-09;102983;16.27;D
2025-03-10;121298;19.15;H
2025-03-11;123113;18.68;H
2025-03-12;120760;16.89;H
2025-03-13;120339;16.07;H
2025-03-14;120848;18.4;H
2025-03-15;111563;20.35;SA
2025-03-16;105719;22.9;D
2025-03-17;132448;25.04;H
2025-03-18;147562;26.63;H
2025-03-19;160828;28.15;H
2025-03-20;168459;28.14;H
2025-03-21;173587;28.78;H
2025-03-22;146256;27.45;SA
2025-03-23;114214;22.22;D
2025-03-24;112903;22.5;F
2025-03-25;126475;20.33;H
2025-03-26;131957;22.87;H
2025-03-27;147850;27.16;H
2025-03-28;142593;25.52;H
2025-03-29;123366;22.95;SA
2025-03-30;123858;24.78;D
2025-03-31;120959;16.16;H
2025-04-01;120481;15.55;H
2025-04-02;110220;19.89;F
2025-04-03;120412;15.02;H
2025-04-04;126847;9.26;H
2025-04-05;118145;13.43;SA
2025-04-06;107720;17.43;D
2025-04-07;124271;17.04;H
2025-04-08;127363;18.87;H
2025-04-09;124871;20.14;H
2025-04-10;121487;21.2;H
2025-04-11;125916;23.36;H
2025-04-12;113957;21.63;SA
2025-04-13;103429;16.79;D
2025-04-14;121731;16.57;H
2025-04-15;125378;18.44;H
2025-04-16;124994;17.35;H
2025-04-17;121703;16.96;SA
2025-04-18;109505;16.68;F
2025-04-19;111901;13.37;SA
2025-04-20;109466;13.23;D
2025-04-21;126493;16.13;H
2025-04-22;125621;19.92;H
2025-04-23;125637;22.41;H
2025-04-24;124693;20.45;H
2025-04-25;126104;22.93;H
2025-04-26;112232;16.48;SA
2025-04-27;109188;13.83;D
2025-04-28;126394;14.73;H
2025-04-29;129786;15.1;H
2025-04-30;126943;17.99;H
2025-05-01;107187;17.79;F
2025-05-02;116789;19.61;SA
2025-05-03;110891;18.98;SA
2025-05-04;105285;22.7;D
2025-05-05;124632;18.4;H
2025-05-06;127014;22.54;H
2025-05-07;126563;21.62;H
2025-05-08;127804;20.32;H
2025-05-09;125742;17.86;H
2025-05-10;114840;16.5;SA
2025-05-11;109537;14.86;D
2025-05-12;127099;15.43;H
2025-05-13;129831;17.83;H
2025-05-14;128029;21.41;H
2025-05-15;128439;23.42;H
2025-05-16;129817;21.69;H
2025-05-17;120852;18.7;SA
2025-05-18;115065;12.72;D
2025-05-19;148564;10.33;H
2025-05-20;159966;10.07;H
2025-05-21;159666;10.24;H
2025-05-22;161161;10.03;H
2025-05-23;158806;11.83;H
2025-05-24;135434;14.86;SA
2025-05-25;124885;15.69;F
2025-05-26;138980;18.6;H
2025-05-27;155749;13.03;H
2025-05-28;174935;7.03;H
2025-05-29;181289;6.59;H
2025-05-30;181197;7.82;H
2025-05-31;159168;10.09;SA
2025-06-01;154077;8.69;D
2025-06-02;169404;10.8;H
2025-06-03;168748;11.73;H
2025-06-04;163043;13.72;H
2025-06-05;165924;9.94;H
2025-06-06;167226;9.93;H
2025-06-07;154970;11.06;SA
2025-06-08;152677;9.69;D
2025-06-09;177077;7.95;H
2025-06-10;179910;8.9;H
2025-06-11;177517;10.82;H
2025-06-12;174838;9.99;H
2025-06-13;175334;11.36;H
2025-06-14;169516;10.02;SA
2025-06-15;160546;7.43;D
2025-06-16;170966;9.17;F
2025-06-17;182640;10.13;H
2025-06-18;188459;8.13;H
2025-06-19;181191;9.3;H
2025-06-20;163227;9.65;F
2025-06-21;161759;10.22;SA
2025-06-22;161272;9.03;D
2025-06-23;209759;1.51;H
2025-06-24;207450;4.6;H
2025-06-25;198380;6.84;H
2025-06-26;198757;5.82;H
2025-06-27;195681;6.37;H
2025-06-28;181200;6.25;SA
2025-06-29;185610;2.56;D
2025-06-30;221849;0.16;H
2025-07-01;227836;0.64;H
2025-07-02;224798;1.7;H
2025-07-03;215322;6.16;H
2025-07-04;196749;9.11;H
2025-07-05;172868;10.04;SA
2025-07-06;161795;10.34;D
2025-07-07;168590;13.4;H
2025-07-08;169902;11.73;H
2025-07-09;151625;12.38;F
2025-07-10;165684;11.63;H
2025-07-11;162503;12.98;H
2025-07-12;147476;12.31;SA
2025-07-13;139238;13;D
2025-07-14;165064;11.76;H
2025-07-15;153957;16.19;H
2025-07-16;164824;12.27;H
2025-07-17;190126;5.88;H
2025-07-18;182969;8.18;H
2025-07-19;159948;10.21;SA
2025-07-20;139816;13.18;D
2025-07-21;148515;15.11;H
2025-07-22;165347;9.57;H
2025-07-23;183422;6.01;H
2025-07-24;177943;9.34;H
2025-07-25;173585;11.82;H
2025-07-26;166501;6.58;SA
2025-07-27;166466;7.17;D
2025-07-28;174815;9.21;H
2025-07-29;175137;8.9;H
2025-07-30;164916;10.27;H
2025-07-31;157161;12.98;H
2025-08-01;150238;15.55;H
2025-08-02;131589;14.64;SA
2025-08-03;129474;11.14;D
2025-08-04;157729;9.3;H
2025-08-05;174397;7.35;H
2025-08-06;170055;10.6;H
2025-08-07;179202;7.5;H
2025-08-08;177334;6.79;H
2025-08-09;162100;7.78;SA
2025-08-10;147687;9.39;D
2025-08-11;159046;11.78;H
2025-08-12;151895;13.54;H
2025-08-13;160421;8.81;H
2025-08-14;173462;6.3;H
2025-08-15;180902;5.63;SA
2025-08-16;170824;8.69;SA
2025-08-17;149031;12.08;F
2025-08-18;161014;13.62;H
2025-08-19;168408;13.36;H
2025-08-20;163065;12.85;H
2025-08-21;152296;13.64;H
2025-08-22;147798;13.66;H
2025-08-23;145995;8.68;SA
2025-08-24;142728;8.7;D
2025-08-25;148892;12.49;H
2025-08-26;143237;13.03;H
2025-08-27;137759;15.02;H
2025-08-28;132895;15.76;H
2025-08-29;129216;17.47;H
2025-08-30;115422;18.43;SA
2025-08-31;115291;17.18;D
2025-09-01;145010;12.7;H
2025-09-02;165346;10.53;H
2025-09-03;157091;12.22;H
2025-09-04;170500;5.26;H
2025-09-05;172179;6.15;H
2025-09-06;154711;7.36;SA
2025-09-07;140659;9.62;D
2025-09-08;149880;13.9;H
2025-09-09;141542;14.58;H
2025-09-10;133034;16.54;H
2025-09-11;129965;15.57;H
2025-09-12;127856;14.36;H
2025-09-13;117408;14.09;SA
2025-09-14;106305;18.09;D
2025-09-15;124390;16.85;H
2025-09-16;127694;15.94;H
2025-09-17;126363;19.26;H
2025-09-18;125625;20.31;H
2025-09-19;128207;18.87;H
2025-09-20;119096;16.2;SA
2025-09-21;117482;12.36;D
2025-09-22;132933;13.19;H
2025-09-23;132570;13.15;H
2025-09-24;136681;10.64;H
2025-09-25;139237;11.27;H
2025-09-26;131233;14.18;H
2025-09-27;122621;14.45;SA
2025-09-28;112937;15.62;D
2025-09-29;124397;17.27;H
2025-09-30;124796;18.93;H
2025-10-01;124114;16.93;H
2025-10-02;124634;18.88;H
2025-10-03;126491;21.71;H
2025-10-04;122042;25.56;SA
2025-10-05;109903;18.91;D
2025-10-06;126522;10.95;H
2025-10-07;129206;14.8;H
2025-10-08;125670;18.23;H
2025-10-09;124144;18.97;H
2025-10-10;113458;21.3;F
2025-10-11;113827;23.32;SA
2025-10-12;104991;15.49;D
2025-10-13;122300;17.03;H
2025-10-14;125678;19.72;H
2025-10-15;128737;20.85;H
2025-10-16;133504;23.32;H
2025-10-17;126597;19.99;H
2025-10-18;111873;15.24;SA
2025-10-19;101831;14.44;D
2025-10-20;120102;16.33;H
2025-10-21;127631;20.44;H
2025-10-22;128731;22.03;H
2025-10-23;139549;24.91;H
2025-10-24;131857;22.22;H
2025-10-25;113710;15.49;SA
2025-10-26;104999;15.84;D
2025-10-27;128583;9.4;H
2025-10-28;137130;8.63;H
2025-10-29;136551;11.63;H
2025-10-30;128810;14.76;H
2025-10-31;124255;17.88;H
2025-11-01;115517;22.23;SA
2025-11-02;108245;21.69;D
2025-11-03;130333;23.43;H
2025-11-04;127751;20.14;H
2025-11-05;123209;15.03;H
2025-11-06;123431;13.32;H
2025-11-07;127033;14.33;H
2025-11-08;114763;16.28;SA
2025-11-09;104905;19.45;D
2025-11-10;124245;21.08;H
2025-11-11;131057;21.35;H
2025-11-12;126645;20.27;H
2025-11-13;132214;21.05;H
2025-11-14;141567;24.1;H
2025-11-15;142072;26.31;SA
2025-11-16;114278;18.8;D
2025-11-17;120856;15.88;H
2025-11-18;129751;20.68;H
2025-11-19;128186;18.42;H
2025-11-20;126919;18.72;H
2025-11-21;120252;15.29;SA
2025-11-22;110515;14.73;SA
2025-11-23;100987;17.92;D
2025-11-24;107455;19.8;F
2025-11-25;134373;24.34;H
2025-11-26;153271;26.22;H
2025-11-27;162548;27.55;H
2025-11-28;154290;24.21;H
2025-11-29;115712;16.98;SA
2025-11-30;106506;18.22;D
2025-12-01;124576;21.54;H
2025-12-02;134660;22.83;H
2025-12-03;154500;27.68;H
2025-12-04;176498;29.18;H
2025-12-05;187707;30.19;H
2025-12-06;171276;29.3;SA
2025-12-07;126150;21.54;D
2025-12-08;121432;21.92;F
2025-12-09;139160;24.29;H
2025-12-10;152337;25.74;H
2025-12-11;161670;27.04;H
2025-12-12;171130;27.25;H
2025-12-13;164507;27.1;SA
2025-12-14;126278;22.45;D
2025-12-15;134791;20.98;H
2025-12-16;132734;18.68;H
2025-12-17;145162;22.29;H
2025-12-18;173208;27.35;H
2025-12-19;176136;26.52;H
2025-12-20;149820;26.29;SA
2025-12-21;146549;27.95;D
2025-12-22;173684;28.57;H
2025-12-23;178964;28.55;H
2025-12-24;176192;31.5;H
2025-12-25;136418;24.99;F
2025-12-26;174079;28.98;H
2025-12-27;180004;31.22;SA
2025-12-28;164026;28.18;D
2025-12-29;196158;30.55;H
2025-12-30;206964;32.1;H
2025-12-31;197792;34.47;H
2026-01-01;143584;25.22;F
2026-01-02;144594;22.69;H
2026-01-03;112341;15.94;SA
2026-01-04;102870;17.81;D
2026-01-05;130250;21.91;H
2026-01-06;151277;25.67;H
2026-01-07;148009;23.78;H
2026-01-08;122649;17.5;H
2026-01-09;125256;21.54;H
2026-01-10;111055;20.75;SA
2026-01-11;116660;24.64;D
2026-01-12;171938;30.2;H
2026-01-13;186916;30.04;H
2026-01-14;194735;30.83;H
2026-01-15;189620;30.22;H
2026-01-16;158528;24.59;H
2026-01-17;160784;28.14;SA
2026-01-18;128861;21.21;D
2026-01-19;127478;18.1;H
2026-01-20;136346;22.04;H
2026-01-21;148820;24.29;H
2026-01-22;157982;24.64;H
2026-01-23;172455;27.53;H
2026-01-24;163004;28.51;SA
2026-01-25;161740;29.46;D
2026-01-26;195273;31.33;H
2026-01-27;188861;29.6;H
2026-01-28;175495;26.86;H
2026-01-29;174871;26.78;H
2026-01-30;173162;27.42;H
2026-01-31;151333;26.12;SA
2026-02-01;146660;27.13;D
2026-02-02;186089;29.39;H
2026-02-03;197708;31.32;H
2026-02-04;158071;25.48;H
2026-02-05;157171;27.93;H
2026-02-06;145592;22.53;H
2026-02-07;139616;24.84;SA
2026-02-08;144226;26.52;D
2026-02-09;171602;27.59;H
2026-02-10;186424;29.19;H
2026-02-11;178411;26.58;H
2026-02-12;160979;24.46;H
2026-02-13;145582;21.33;H
2026-02-14;127440;22.4;SA
2026-02-15;122320;25.67;D
2026-02-16;129857;26.54;F
2026-02-17;136147;26.45;F
2026-02-18;170321;28.42;H
2026-02-19;156752;27.18;H
2026-02-20;147610;22.75;H
